account_code,parent_code,level,depth,l1_code,l2_code,l3_code,l4_code,l5_code,name_zh_tw,name_en,l1_category,dealer_category,tax_treatment,moea_code,moea_name_zh,is_postable,normal_balance,default_enabled,is_locked,required_dimensions,ai_tags,benchmark_enabled,template_packs,description,display_order
1,,L1_CATEGORY,1,1,,,,,資產,,ASSET,GENERAL,NORMAL,,,FALSE,D,TRUE,TRUE,[],{},FALSE,"[""NEW_CAR"", ""USED_CAR"", ""MIXED"", ""SERVICE_ONLY"", ""MOTORCYCLE""]",L1：資產類,1
11,1,L2_SUBCATEGORY,2,1,11,,,,流動資產,,ASSET,GENERAL,NORMAL,,,FALSE,D,TRUE,TRUE,[],{},FALSE,"[""NEW_CAR"", ""USED_CAR"", ""MIXED"", ""SERVICE_ONLY"", ""MOTORCYCLE""]",L2：流動資產,2
1101,11,L3_MOEA,3,1,11,1101,,,現金,,ASSET,GENERAL,NORMAL,1101,現金,FALSE,D,TRUE,TRUE,[],{},FALSE,"[""NEW_CAR"", ""USED_CAR"", ""MIXED"", ""SERVICE_ONLY"", ""MOTORCYCLE""]",MOEA 1101,3
11011,1101,L4_PARENT,4,1,11,1101,11011,,庫存現金,,ASSET,GENERAL,NORMAL,1101,現金,FALSE,D,TRUE,FALSE,"[""STORE""]",{},FALSE,"[""NEW_CAR"", ""USED_CAR"", ""MIXED"", ""SERVICE_ONLY"", ""MOTORCYCLE""]",母科：依門市/部門分子科,4
1101101,11011,L5_DETAIL,5,1,11,1101,11011,1101101,現金－總公司,,ASSET,GENERAL,NORMAL,1101,現金,TRUE,D,TRUE,FALSE,"[""STORE""]",{},FALSE,"[""NEW_CAR"", ""USED_CAR"", ""MIXED"", ""SERVICE_ONLY"", ""MOTORCYCLE""]",可擴充：依門市分,5
1101102,11011,L5_DETAIL,5,1,11,1101,11011,1101102,現金－展示中心,,ASSET,GENERAL,NORMAL,1101,現金,TRUE,D,TRUE,FALSE,"[""STORE""]",{},FALSE,"[""NEW_CAR"", ""USED_CAR"", ""MIXED"", ""SERVICE_ONLY"", ""MOTORCYCLE""]",,6
1101103,11011,L5_DETAIL,5,1,11,1101,11011,1101103,現金－維修廠,,ASSET,GENERAL,NORMAL,1101,現金,TRUE,D,TRUE,FALSE,"[""STORE""]",{},FALSE,"[""NEW_CAR"", ""USED_CAR"", ""MIXED"", ""SERVICE_ONLY"", ""MOTORCYCLE""]",,7
1101104,11011,L5_DETAIL,5,1,11,1101,11011,1101104,現金－中古車部,,ASSET,GENERAL,NORMAL,1101,現金,TRUE,D,FALSE,FALSE,"[""STORE""]",{},FALSE,"[""MIXED""]",業態二開,8
1101105,11011,L5_DETAIL,5,1,11,1101,11011,1101105,現金－零件部,,ASSET,PARTS,NORMAL,1101,現金,TRUE,D,FALSE,FALSE,"[""STORE""]","{""profit_attribution"": ""parts_margin""}",FALSE,"[""MIXED""]",,9
1102,11,L3_MOEA,3,1,11,1102,,,銀行存款,,ASSET,GENERAL,NORMAL,1102,銀行存款,FALSE,D,TRUE,TRUE,[],{},FALSE,"[""NEW_CAR"", ""USED_CAR"", ""MIXED"", ""SERVICE_ONLY"", ""MOTORCYCLE""]",MOEA 1102,10
11021,1102,L4_PARENT,4,1,11,1102,11021,,銀行存款,,ASSET,GENERAL,NORMAL,1102,銀行存款,FALSE,D,TRUE,FALSE,"[""BANK""]",{},FALSE,"[""NEW_CAR"", ""USED_CAR"", ""MIXED"", ""SERVICE_ONLY"", ""MOTORCYCLE""]",母科：依銀行+帳號分子科,11
1102101,11021,L5_DETAIL,5,1,11,1102,11021,1102101,銀行存款－台幣活存（主要）,,ASSET,GENERAL,NORMAL,1102,銀行存款,TRUE,D,TRUE,FALSE,"[""BANK""]",{},FALSE,"[""NEW_CAR"", ""USED_CAR"", ""MIXED"", ""SERVICE_ONLY"", ""MOTORCYCLE""]",客戶可改：銀行+帳號末四碼,12
1102102,11021,L5_DETAIL,5,1,11,1102,11021,1102102,銀行存款－台幣活存（薪轉）,,ASSET,GENERAL,NORMAL,1102,銀行存款,TRUE,D,TRUE,FALSE,"[""BANK""]",{},FALSE,"[""NEW_CAR"", ""USED_CAR"", ""MIXED"", ""SERVICE_ONLY"", ""MOTORCYCLE""]",,13
1102103,11021,L5_DETAIL,5,1,11,1102,11021,1102103,銀行存款－台幣支存,,ASSET,GENERAL,NORMAL,1102,銀行存款,TRUE,D,TRUE,FALSE,"[""BANK""]",{},FALSE,"[""NEW_CAR"", ""USED_CAR"", ""MIXED"", ""SERVICE_ONLY"", ""MOTORCYCLE""]",支票存款戶,14
1102104,11021,L5_DETAIL,5,1,11,1102,11021,1102104,銀行存款－台幣定存,,ASSET,GENERAL,NORMAL,1102,銀行存款,TRUE,D,TRUE,FALSE,"[""BANK""]",{},FALSE,"[""NEW_CAR"", ""USED_CAR"", ""MIXED"", ""SERVICE_ONLY"", ""MOTORCYCLE""]",,15
1102105,11021,L5_DETAIL,5,1,11,1102,11021,1102105,銀行存款－車輛融資專戶,,ASSET,VEHICLE_INV,NORMAL,1102,銀行存款,TRUE,D,TRUE,FALSE,"[""BANK""]","{""kpi_role"": ""vehicle_inventory""}",FALSE,"[""NEW_CAR"", ""USED_CAR"", ""MIXED"", ""MOTORCYCLE""]",Floor Plan 還款專戶,16
1102106,11021,L5_DETAIL,5,1,11,1102,11021,1102106,銀行存款－代收款專戶,,ASSET,VEHICLE_SALES,NORMAL,1102,銀行存款,TRUE,D,FALSE,FALSE,"[""BANK""]","{""profit_attribution"": ""vehicle_margin""}",FALSE,"[""MIXED""]",代收規費/牌稅獨立帳戶（建議開立）,17
1102107,11021,L5_DETAIL,5,1,11,1102,11021,1102107,銀行存款－外幣（USD）,,ASSET,GENERAL,NORMAL,1102,銀行存款,TRUE,D,FALSE,FALSE,"[""BANK""]",{},FALSE,"[""MIXED""]",進口車商需開,18
1102108,11021,L5_DETAIL,5,1,11,1102,11021,1102108,銀行存款－外幣（JPY）,,ASSET,GENERAL,NORMAL,1102,銀行存款,TRUE,D,FALSE,FALSE,"[""BANK""]",{},FALSE,"[""MIXED""]",日系進口,19
1102109,11021,L5_DETAIL,5,1,11,1102,11021,1102109,銀行存款－外幣（EUR）,,ASSET,GENERAL,NORMAL,1102,銀行存款,TRUE,D,FALSE,FALSE,"[""BANK""]",{},FALSE,"[""MIXED""]",歐系進口,20
1103,11,L3_MOEA,3,1,11,1103,,,零用金,,ASSET,GENERAL,NORMAL,1103,零用金,FALSE,D,TRUE,TRUE,[],{},FALSE,"[""NEW_CAR"", ""USED_CAR"", ""MIXED"", ""SERVICE_ONLY"", ""MOTORCYCLE""]",MOEA 1103,21
11031,1103,L4_PARENT,4,1,11,1103,11031,,零用金,,ASSET,GENERAL,NORMAL,1103,零用金,FALSE,D,TRUE,FALSE,"[""DEPT""]",{},FALSE,"[""NEW_CAR"", ""USED_CAR"", ""MIXED"", ""SERVICE_ONLY"", ""MOTORCYCLE""]",母科：依部門分子科,22
1103101,11031,L5_DETAIL,5,1,11,1103,11031,1103101,零用金－總務,,ASSET,GENERAL,NORMAL,1103,零用金,TRUE,D,TRUE,FALSE,"[""DEPT""]",{},FALSE,"[""NEW_CAR"", ""USED_CAR"", ""MIXED"", ""SERVICE_ONLY"", ""MOTORCYCLE""]",,23
1103102,11031,L5_DETAIL,5,1,11,1103,11031,1103102,零用金－業務部,,ASSET,VEHICLE_SALES,NORMAL,1103,零用金,TRUE,D,TRUE,FALSE,"[""DEPT""]","{""profit_attribution"": ""vehicle_margin""}",FALSE,"[""NEW_CAR"", ""USED_CAR"", ""MIXED"", ""MOTORCYCLE""]",,24
1103103,11031,L5_DETAIL,5,1,11,1103,11031,1103103,零用金－維修廠,,ASSET,SERVICE,NORMAL,1103,零用金,TRUE,D,TRUE,FALSE,"[""DEPT""]","{""profit_attribution"": ""service_margin""}",FALSE,"[""NEW_CAR"", ""USED_CAR"", ""MIXED"", ""SERVICE_ONLY"", ""MOTORCYCLE""]",,25
1103104,11031,L5_DETAIL,5,1,11,1103,11031,1103104,零用金－中古車部,,ASSET,VEHICLE_SALES,NORMAL,1103,零用金,TRUE,D,FALSE,FALSE,"[""DEPT""]","{""profit_attribution"": ""vehicle_margin""}",FALSE,"[""MIXED""]",,26
1103105,11031,L5_DETAIL,5,1,11,1103,11031,1103105,零用金－零件部,,ASSET,PARTS,NORMAL,1103,零用金,TRUE,D,FALSE,FALSE,"[""DEPT""]","{""profit_attribution"": ""parts_margin""}",FALSE,"[""MIXED""]",,27
1110,11,L3_MOEA,3,1,11,1110,,,透過損益按公允價值衡量之金融資產－流動,,ASSET,GENERAL,NORMAL,1110,透過損益按公允價值衡量之金融資產－流動,FALSE,D,TRUE,TRUE,[],{},FALSE,"[""NEW_CAR"", ""USED_CAR"", ""MIXED"", ""SERVICE_ONLY"", ""MOTORCYCLE""]",MOEA 1110，IFRS 9,28
11101,1110,L4_PARENT,4,1,11,1110,11101,,短期金融商品投資,,ASSET,GENERAL,NORMAL,1110,透過損益按公允價值衡量之金融資產－流動,FALSE,D,FALSE,FALSE,"[""INSTRUMENT""]",{},FALSE,"[""MIXED""]",母科：依商品分,29
1110101,11101,L5_DETAIL,5,1,11,1110,11101,1110101,短期金融商品投資－基金,,ASSET,GENERAL,NORMAL,1110,透過損益按公允價值衡量之金融資產－流動,TRUE,D,FALSE,FALSE,"[""INSTRUMENT""]",{},FALSE,"[""MIXED""]",,30
1110102,11101,L5_DETAIL,5,1,11,1110,11101,1110102,短期金融商品投資－股票,,ASSET,GENERAL,NORMAL,1110,透過損益按公允價值衡量之金融資產－流動,TRUE,D,FALSE,FALSE,"[""INSTRUMENT""]",{},FALSE,"[""MIXED""]",,31
1170,11,L3_MOEA,3,1,11,1170,,,應收票據,,ASSET,GENERAL,NORMAL,1170,應收票據,FALSE,D,TRUE,TRUE,[],{},FALSE,"[""NEW_CAR"", ""USED_CAR"", ""MIXED"", ""SERVICE_ONLY"", ""MOTORCYCLE""]",MOEA 1170,32
11701,1170,L4_PARENT,4,1,11,1170,11701,,應收票據－客票,,ASSET,GENERAL,NORMAL,1170,應收票據,FALSE,D,TRUE,FALSE,"[""CUSTOMER""]",{},FALSE,"[""NEW_CAR"", ""USED_CAR"", ""MIXED"", ""SERVICE_ONLY"", ""MOTORCYCLE""]",客戶開立票據,33
1170101,11701,L5_DETAIL,5,1,11,1170,11701,1170101,應收票據－新車購車票,,ASSET,VEHICLE_SALES,NORMAL,1170,應收票據,TRUE,D,TRUE,FALSE,"[""CUSTOMER"", ""VEHICLE""]","{""profit_attribution"": ""vehicle_margin""}",FALSE,"[""NEW_CAR"", ""USED_CAR"", ""MIXED"", ""MOTORCYCLE""]",,34
1170102,11701,L5_DETAIL,5,1,11,1170,11701,1170102,應收票據－維修票,,ASSET,SERVICE,NORMAL,1170,應收票據,TRUE,D,TRUE,FALSE,"[""CUSTOMER"", ""RO""]","{""profit_attribution"": ""service_margin""}",FALSE,"[""NEW_CAR"", ""USED_CAR"", ""MIXED"", ""SERVICE_ONLY"", ""MOTORCYCLE""]",,35
1170103,11701,L5_DETAIL,5,1,11,1170,11701,1170103,應收票據－零件批發票,,ASSET,PARTS,NORMAL,1170,應收票據,TRUE,D,TRUE,FALSE,"[""CUSTOMER""]","{""profit_attribution"": ""parts_margin""}",FALSE,"[""NEW_CAR"", ""MIXED"", ""SERVICE_ONLY"", ""MOTORCYCLE""]",,36
11705,1170,L4_PARENT,4,1,11,1170,11705,,應收票據－背書轉讓備抵,,ASSET,GENERAL,NORMAL,1170,應收票據,FALSE,C,FALSE,FALSE,[],{},FALSE,"[""MIXED""]",減項科目,37
1170501,11705,L5_DETAIL,5,1,11,1170,11705,1170501,應收票據－背書轉讓,,ASSET,GENERAL,NORMAL,1170,應收票據,TRUE,C,FALSE,FALSE,[],{},FALSE,"[""MIXED""]",,38
1180,11,L3_MOEA,3,1,11,1180,,,應收帳款,,ASSET,GENERAL,NORMAL,1180,應收帳款,FALSE,D,TRUE,TRUE,[],{},FALSE,"[""NEW_CAR"", ""USED_CAR"", ""MIXED"", ""SERVICE_ONLY"", ""MOTORCYCLE""]",MOEA 1180,39
11801,1180,L4_PARENT,4,1,11,1180,11801,,應收帳款－一般客戶,,ASSET,GENERAL,NORMAL,1180,應收帳款,FALSE,D,TRUE,FALSE,"[""CUSTOMER""]",{},FALSE,"[""NEW_CAR"", ""USED_CAR"", ""MIXED"", ""SERVICE_ONLY"", ""MOTORCYCLE""]",母科：依業務性質分,40
1180101,11801,L5_DETAIL,5,1,11,1180,11801,1180101,應收帳款－新車尾款,,ASSET,VEHICLE_SALES,NORMAL,1180,應收帳款,TRUE,D,TRUE,FALSE,"[""CUSTOMER"", ""VEHICLE""]","{""profit_attribution"": ""vehicle_margin""}",FALSE,"[""NEW_CAR"", ""USED_CAR"", ""MIXED"", ""MOTORCYCLE""]",客戶交車後尾款,41
1180102,11801,L5_DETAIL,5,1,11,1180,11801,1180102,應收帳款－中古車尾款,,ASSET,VEHICLE_SALES,NORMAL,1180,應收帳款,TRUE,D,TRUE,FALSE,"[""CUSTOMER"", ""VEHICLE""]","{""profit_attribution"": ""vehicle_margin""}",FALSE,"[""NEW_CAR"", ""USED_CAR"", ""MIXED"", ""MOTORCYCLE""]",,42
1180103,11801,L5_DETAIL,5,1,11,1180,11801,1180103,應收帳款－維修保養,,ASSET,SERVICE,NORMAL,1180,應收帳款,TRUE,D,TRUE,FALSE,"[""CUSTOMER"", ""RO""]","{""profit_attribution"": ""service_margin""}",FALSE,"[""NEW_CAR"", ""USED_CAR"", ""MIXED"", ""SERVICE_ONLY"", ""MOTORCYCLE""]",,43
1180104,11801,L5_DETAIL,5,1,11,1180,11801,1180104,應收帳款－零件銷售,,ASSET,PARTS,NORMAL,1180,應收帳款,TRUE,D,TRUE,FALSE,"[""CUSTOMER""]","{""profit_attribution"": ""parts_margin""}",FALSE,"[""NEW_CAR"", ""MIXED"", ""SERVICE_ONLY"", ""MOTORCYCLE""]",,44
1180105,11801,L5_DETAIL,5,1,11,1180,11801,1180105,應收帳款－精品配件,,ASSET,PARTS,NORMAL,1180,應收帳款,TRUE,D,TRUE,FALSE,"[""CUSTOMER""]","{""profit_attribution"": ""parts_margin""}",FALSE,"[""NEW_CAR"", ""MIXED"", ""SERVICE_ONLY"", ""MOTORCYCLE""]",,45
11802,1180,L4_PARENT,4,1,11,1180,11802,,應收帳款－關係企業,,ASSET,GENERAL,NORMAL,1180,應收帳款,FALSE,D,FALSE,FALSE,"[""AFFILIATE""]",{},FALSE,"[""MIXED""]",母科：依關係企業分,46
1180201,11802,L5_DETAIL,5,1,11,1180,11802,1180201,應收帳款－關係企業,,ASSET,GENERAL,NORMAL,1180,應收帳款,TRUE,D,FALSE,FALSE,"[""AFFILIATE""]",{},FALSE,"[""MIXED""]",,47
11803,1180,L4_PARENT,4,1,11,1180,11803,,應收帳款－原廠/總代理,,ASSET,GENERAL,NORMAL,1180,應收帳款,FALSE,D,TRUE,FALSE,"[""DEALER""]",{},FALSE,"[""NEW_CAR"", ""USED_CAR"", ""MIXED"", ""SERVICE_ONLY"", ""MOTORCYCLE""]",母科：保固理賠/促銷補貼,48
1180301,11803,L5_DETAIL,5,1,11,1180,11803,1180301,應收帳款－原廠保固理賠,,ASSET,SERVICE,NORMAL,1180,應收帳款,TRUE,D,TRUE,FALSE,"[""DEALER"", ""RO""]","{""profit_attribution"": ""service_margin""}",FALSE,"[""NEW_CAR"", ""USED_CAR"", ""MIXED"", ""SERVICE_ONLY"", ""MOTORCYCLE""]",保固維修向原廠請款,49
1180302,11803,L5_DETAIL,5,1,11,1180,11803,1180302,應收帳款－總代理促銷補貼,,ASSET,VEHICLE_SALES,NORMAL,1180,應收帳款,TRUE,D,TRUE,FALSE,"[""DEALER"", ""CAMPAIGN""]","{""profit_attribution"": ""vehicle_margin""}",FALSE,"[""NEW_CAR"", ""USED_CAR"", ""MIXED"", ""MOTORCYCLE""]",達標獎勵金,50
1180303,11803,L5_DETAIL,5,1,11,1180,11803,1180303,應收帳款－原廠回收奬勵,,ASSET,VEHICLE_INV,NORMAL,1180,應收帳款,TRUE,D,FALSE,FALSE,"[""DEALER""]","{""kpi_role"": ""vehicle_inventory""}",FALSE,"[""MIXED""]",,51
11804,1180,L4_PARENT,4,1,11,1180,11804,,應收帳款－保險公司,,ASSET,GENERAL,NORMAL,1180,應收帳款,FALSE,D,TRUE,FALSE,"[""INSURER""]",{},FALSE,"[""NEW_CAR"", ""USED_CAR"", ""MIXED"", ""SERVICE_ONLY"", ""MOTORCYCLE""]",理賠維修向保險公司請款,52
1180401,11804,L5_DETAIL,5,1,11,1180,11804,1180401,應收帳款－保險公司理賠,,ASSET,SERVICE,NORMAL,1180,應收帳款,TRUE,D,TRUE,FALSE,"[""INSURER"", ""CASE""]","{""profit_attribution"": ""service_margin""}",FALSE,"[""NEW_CAR"", ""USED_CAR"", ""MIXED"", ""SERVICE_ONLY"", ""MOTORCYCLE""]",,53
1180402,11804,L5_DETAIL,5,1,11,1180,11804,1180402,應收帳款－保險公司佣金,,ASSET,VEHICLE_SALES,NORMAL,1180,應收帳款,TRUE,D,TRUE,FALSE,"[""INSURER""]","{""profit_attribution"": ""vehicle_margin""}",FALSE,"[""NEW_CAR"", ""USED_CAR"", ""MIXED"", ""MOTORCYCLE""]",代售保險佣金,54
11805,1180,L4_PARENT,4,1,11,1180,11805,,應收帳款－分期款,,ASSET,VEHICLE_SALES,NORMAL,1180,應收帳款,FALSE,D,FALSE,FALSE,"[""CUSTOMER"", ""CONTRACT""]","{""profit_attribution"": ""vehicle_margin""}",FALSE,"[""MIXED""]",母科：自辦/代辦分期,55
1180501,11805,L5_DETAIL,5,1,11,1180,11805,1180501,應收分期款－自辦分期,,ASSET,VEHICLE_SALES,NORMAL,1180,應收帳款,TRUE,D,FALSE,FALSE,"[""CUSTOMER"", ""CONTRACT""]","{""profit_attribution"": ""vehicle_margin""}",FALSE,"[""MIXED""]",公司自辦分期,56
11809,1180,L4_PARENT,4,1,11,1180,11809,,備抵呆帳－應收帳款,,ASSET,GENERAL,NORMAL,1180,應收帳款,FALSE,C,TRUE,FALSE,[],{},FALSE,"[""NEW_CAR"", ""USED_CAR"", ""MIXED"", ""SERVICE_ONLY"", ""MOTORCYCLE""]",減項科目,57
1180901,11809,L5_DETAIL,5,1,11,1180,11809,1180901,備抵呆帳－應收帳款,,ASSET,GENERAL,NORMAL,1180,應收帳款,TRUE,C,TRUE,FALSE,[],{},FALSE,"[""NEW_CAR"", ""USED_CAR"", ""MIXED"", ""SERVICE_ONLY"", ""MOTORCYCLE""]",,58
1190,11,L3_MOEA,3,1,11,1190,,,其他應收款,,ASSET,GENERAL,NORMAL,1190,其他應收款,FALSE,D,TRUE,TRUE,[],{},FALSE,"[""NEW_CAR"", ""USED_CAR"", ""MIXED"", ""SERVICE_ONLY"", ""MOTORCYCLE""]",MOEA 1190,59
11901,1190,L4_PARENT,4,1,11,1190,11901,,代收款－客戶,,ASSET,GENERAL,NORMAL,1190,其他應收款,FALSE,D,TRUE,FALSE,"[""VEHICLE""]",{},FALSE,"[""NEW_CAR"", ""USED_CAR"", ""MIXED"", ""SERVICE_ONLY"", ""MOTORCYCLE""]",母科：代收代付重要！,60
1190101,11901,L5_DETAIL,5,1,11,1190,11901,1190101,代收款－監理規費,,ASSET,VEHICLE_SALES,WITHHOLDING,1190,其他應收款,TRUE,D,TRUE,FALSE,"[""VEHICLE""]","{""profit_attribution"": ""vehicle_margin""}",FALSE,"[""NEW_CAR"", ""USED_CAR"", ""MIXED"", ""MOTORCYCLE""]",代客向監理所繳,61
1190102,11901,L5_DETAIL,5,1,11,1190,11901,1190102,代收款－牌照稅,,ASSET,VEHICLE_SALES,WITHHOLDING,1190,其他應收款,TRUE,D,TRUE,FALSE,"[""VEHICLE""]","{""profit_attribution"": ""vehicle_margin""}",FALSE,"[""NEW_CAR"", ""USED_CAR"", ""MIXED"", ""MOTORCYCLE""]",,62
1190103,11901,L5_DETAIL,5,1,11,1190,11901,1190103,代收款－燃料稅,,ASSET,VEHICLE_SALES,WITHHOLDING,1190,其他應收款,TRUE,D,TRUE,FALSE,"[""VEHICLE""]","{""profit_attribution"": ""vehicle_margin""}",FALSE,"[""NEW_CAR"", ""USED_CAR"", ""MIXED"", ""MOTORCYCLE""]",,63
1190104,11901,L5_DETAIL,5,1,11,1190,11901,1190104,代收款－強制險保費,,ASSET,VEHICLE_SALES,EXEMPT,1190,其他應收款,TRUE,D,TRUE,FALSE,"[""VEHICLE""]","{""profit_attribution"": ""vehicle_margin""}",FALSE,"[""NEW_CAR"", ""USED_CAR"", ""MIXED"", ""MOTORCYCLE""]",,64
1190105,11901,L5_DETAIL,5,1,11,1190,11901,1190105,代收款－任意險保費,,ASSET,VEHICLE_SALES,EXEMPT,1190,其他應收款,TRUE,D,TRUE,FALSE,"[""VEHICLE""]","{""profit_attribution"": ""vehicle_margin""}",FALSE,"[""NEW_CAR"", ""USED_CAR"", ""MIXED"", ""MOTORCYCLE""]",,65
1190106,11901,L5_DETAIL,5,1,11,1190,11901,1190106,代墊款－配件加裝,,ASSET,VEHICLE_SALES,NORMAL,1190,其他應收款,TRUE,D,FALSE,FALSE,"[""VEHICLE""]","{""profit_attribution"": ""vehicle_margin""}",FALSE,"[""MIXED""]",代墊客戶選配,66
11902,1190,L4_PARENT,4,1,11,1190,11902,,員工應收款,,ASSET,GENERAL,NORMAL,1190,其他應收款,FALSE,D,TRUE,FALSE,"[""EMPLOYEE""]",{},FALSE,"[""NEW_CAR"", ""USED_CAR"", ""MIXED"", ""SERVICE_ONLY"", ""MOTORCYCLE""]",員工借支/差旅墊款,67
1190201,11902,L5_DETAIL,5,1,11,1190,11902,1190201,員工借支,,ASSET,GENERAL,NORMAL,1190,其他應收款,TRUE,D,TRUE,FALSE,"[""EMPLOYEE""]",{},FALSE,"[""NEW_CAR"", ""USED_CAR"", ""MIXED"", ""SERVICE_ONLY"", ""MOTORCYCLE""]",,68
1190202,11902,L5_DETAIL,5,1,11,1190,11902,1190202,員工差旅墊款,,ASSET,GENERAL,NORMAL,1190,其他應收款,TRUE,D,TRUE,FALSE,"[""EMPLOYEE""]",{},FALSE,"[""NEW_CAR"", ""USED_CAR"", ""MIXED"", ""SERVICE_ONLY"", ""MOTORCYCLE""]",,69
11903,1190,L4_PARENT,4,1,11,1190,11903,,暫付款,,ASSET,GENERAL,NORMAL,1190,其他應收款,FALSE,D,TRUE,FALSE,[],{},FALSE,"[""NEW_CAR"", ""USED_CAR"", ""MIXED"", ""SERVICE_ONLY"", ""MOTORCYCLE""]",性質不明先掛,70
1190301,11903,L5_DETAIL,5,1,11,1190,11903,1190301,暫付款,,ASSET,GENERAL,NORMAL,1190,其他應收款,TRUE,D,TRUE,FALSE,[],{},FALSE,"[""NEW_CAR"", ""USED_CAR"", ""MIXED"", ""SERVICE_ONLY"", ""MOTORCYCLE""]",,71
11904,1190,L4_PARENT,4,1,11,1190,11904,,退稅款,,ASSET,GENERAL,NORMAL,1190,其他應收款,FALSE,D,TRUE,FALSE,[],{},FALSE,"[""NEW_CAR"", ""USED_CAR"", ""MIXED"", ""SERVICE_ONLY"", ""MOTORCYCLE""]",可申退之稅款,72
1190401,11904,L5_DETAIL,5,1,11,1190,11904,1190401,留抵稅額,,ASSET,GENERAL,VAT_INPUT,1190,其他應收款,TRUE,D,TRUE,FALSE,[],{},FALSE,"[""NEW_CAR"", ""USED_CAR"", ""MIXED"", ""SERVICE_ONLY"", ""MOTORCYCLE""]",進項稅額大於銷項時,73
1210,11,L3_MOEA,3,1,12,1210,,,存貨,,ASSET,GENERAL,NORMAL,1210,存貨,FALSE,D,TRUE,TRUE,[],{},FALSE,"[""NEW_CAR"", ""USED_CAR"", ""MIXED"", ""SERVICE_ONLY"", ""MOTORCYCLE""]",MOEA 1210,74
12101,1210,L4_PARENT,4,1,12,1210,12101,,存貨－車輛,,ASSET,VEHICLE_INV,NORMAL,1210,存貨,FALSE,D,TRUE,FALSE,"[""VEHICLE"", ""VIN""]","{""kpi_role"": ""vehicle_inventory""}",FALSE,"[""NEW_CAR"", ""USED_CAR"", ""MIXED"", ""MOTORCYCLE""]",母科：依車輛狀態分,75
1210101,12101,L5_DETAIL,5,1,12,1210,12101,1210101,存貨－新車（國產）,,ASSET,VEHICLE_INV,NORMAL,1210,存貨,TRUE,D,TRUE,FALSE,"[""VEHICLE"", ""VIN""]","{""kpi_role"": ""vehicle_inventory""}",FALSE,"[""NEW_CAR"", ""USED_CAR"", ""MIXED"", ""MOTORCYCLE""]",,76
1210102,12101,L5_DETAIL,5,1,12,1210,12101,1210102,存貨－新車（進口）,,ASSET,VEHICLE_INV,NORMAL,1210,存貨,TRUE,D,TRUE,FALSE,"[""VEHICLE"", ""VIN""]","{""kpi_role"": ""vehicle_inventory""}",FALSE,"[""NEW_CAR"", ""USED_CAR"", ""MIXED"", ""MOTORCYCLE""]",,77
1210103,12101,L5_DETAIL,5,1,12,1210,12101,1210103,存貨－中古車,,ASSET,VEHICLE_INV,NORMAL,1210,存貨,TRUE,D,TRUE,FALSE,"[""VEHICLE"", ""VIN""]","{""kpi_role"": ""vehicle_inventory""}",FALSE,"[""NEW_CAR"", ""USED_CAR"", ""MIXED"", ""MOTORCYCLE""]",自有中古車待售,78
1210104,12101,L5_DETAIL,5,1,12,1210,12101,1210104,存貨－試乘車,,ASSET,VEHICLE_INV,NORMAL,1210,存貨,TRUE,D,TRUE,FALSE,"[""VEHICLE"", ""VIN""]","{""kpi_role"": ""vehicle_inventory""}",FALSE,"[""NEW_CAR"", ""USED_CAR"", ""MIXED"", ""MOTORCYCLE""]",試乘車（仍計折舊）,79
1210105,12101,L5_DETAIL,5,1,12,1210,12101,1210105,存貨－展示車,,ASSET,VEHICLE_INV,NORMAL,1210,存貨,TRUE,D,TRUE,FALSE,"[""VEHICLE"", ""VIN""]","{""kpi_role"": ""vehicle_inventory""}",FALSE,"[""NEW_CAR"", ""USED_CAR"", ""MIXED"", ""MOTORCYCLE""]",,80
1210106,12101,L5_DETAIL,5,1,12,1210,12101,1210106,存貨－寄售車（備忘）,,ASSET,VEHICLE_INV,NORMAL,1210,存貨,TRUE,D,FALSE,FALSE,"[""VEHICLE"", ""OWNER""]","{""kpi_role"": ""vehicle_inventory""}",FALSE,"[""MIXED""]",中古車寄售（備忘錄記載）,81
1210107,12101,L5_DETAIL,5,1,12,1210,12101,1210107,存貨－在途車,,ASSET,VEHICLE_INV,NORMAL,1210,存貨,TRUE,D,TRUE,FALSE,"[""PO""]","{""kpi_role"": ""vehicle_inventory""}",FALSE,"[""NEW_CAR"", ""USED_CAR"", ""MIXED"", ""MOTORCYCLE""]",,82
12102,1210,L4_PARENT,4,1,12,1210,12102,,存貨－零件配件,,ASSET,PARTS,NORMAL,1210,存貨,FALSE,D,TRUE,FALSE,"[""PART_SKU"", ""WAREHOUSE""]","{""profit_attribution"": ""parts_margin""}",FALSE,"[""NEW_CAR"", ""MIXED"", ""SERVICE_ONLY"", ""MOTORCYCLE""]",母科：零件主分類,83
1210201,12102,L5_DETAIL,5,1,12,1210,12102,1210201,存貨－原廠零件,,ASSET,PARTS,NORMAL,1210,存貨,TRUE,D,TRUE,FALSE,"[""PART_SKU"", ""WAREHOUSE""]","{""profit_attribution"": ""parts_margin""}",FALSE,"[""NEW_CAR"", ""MIXED"", ""SERVICE_ONLY"", ""MOTORCYCLE""]",,84
1210202,12102,L5_DETAIL,5,1,12,1210,12102,1210202,存貨－副廠零件,,ASSET,PARTS,NORMAL,1210,存貨,TRUE,D,TRUE,FALSE,"[""PART_SKU"", ""WAREHOUSE""]","{""profit_attribution"": ""parts_margin""}",FALSE,"[""NEW_CAR"", ""MIXED"", ""SERVICE_ONLY"", ""MOTORCYCLE""]",,85
1210203,12102,L5_DETAIL,5,1,12,1210,12102,1210203,存貨－精品配件,,ASSET,PARTS,NORMAL,1210,存貨,TRUE,D,TRUE,FALSE,"[""PART_SKU""]","{""profit_attribution"": ""parts_margin""}",FALSE,"[""NEW_CAR"", ""MIXED"", ""SERVICE_ONLY"", ""MOTORCYCLE""]",,86
1210204,12102,L5_DETAIL,5,1,12,1210,12102,1210204,存貨－維修耗材,,ASSET,SERVICE,NORMAL,1210,存貨,TRUE,D,TRUE,FALSE,"[""WAREHOUSE""]","{""profit_attribution"": ""service_margin""}",FALSE,"[""NEW_CAR"", ""USED_CAR"", ""MIXED"", ""SERVICE_ONLY"", ""MOTORCYCLE""]",機油/物料,87
12109,1210,L4_PARENT,4,1,12,1210,12109,,備抵存貨跌價損失,,ASSET,GENERAL,NORMAL,1210,存貨,FALSE,C,TRUE,FALSE,[],{},FALSE,"[""NEW_CAR"", ""USED_CAR"", ""MIXED"", ""SERVICE_ONLY"", ""MOTORCYCLE""]",減項科目,88
1210901,12109,L5_DETAIL,5,1,12,1210,12109,1210901,備抵存貨跌價損失－車輛,,ASSET,VEHICLE_INV,NORMAL,1210,存貨,TRUE,C,TRUE,FALSE,[],"{""kpi_role"": ""vehicle_inventory""}",FALSE,"[""NEW_CAR"", ""USED_CAR"", ""MIXED"", ""MOTORCYCLE""]",長庫齡車跌價,89
1210902,12109,L5_DETAIL,5,1,12,1210,12109,1210902,備抵存貨跌價損失－零件,,ASSET,PARTS,NORMAL,1210,存貨,TRUE,C,TRUE,FALSE,[],"{""profit_attribution"": ""parts_margin""}",FALSE,"[""NEW_CAR"", ""MIXED"", ""SERVICE_ONLY"", ""MOTORCYCLE""]",,90
1250,11,L3_MOEA,3,1,12,1250,,,預付款項,,ASSET,GENERAL,NORMAL,1250,預付款項,FALSE,D,TRUE,TRUE,[],{},FALSE,"[""NEW_CAR"", ""USED_CAR"", ""MIXED"", ""SERVICE_ONLY"", ""MOTORCYCLE""]",MOEA 1250,91
12501,1250,L4_PARENT,4,1,12,1250,12501,,預付貨款,,ASSET,GENERAL,NORMAL,1250,預付款項,FALSE,D,TRUE,FALSE,"[""SUPPLIER""]",{},FALSE,"[""NEW_CAR"", ""USED_CAR"", ""MIXED"", ""SERVICE_ONLY"", ""MOTORCYCLE""]",,92
1250101,12501,L5_DETAIL,5,1,12,1250,12501,1250101,預付貨款－車輛,,ASSET,VEHICLE_INV,NORMAL,1250,預付款項,TRUE,D,TRUE,FALSE,"[""SUPPLIER"", ""PO""]","{""kpi_role"": ""vehicle_inventory""}",FALSE,"[""NEW_CAR"", ""USED_CAR"", ""MIXED"", ""MOTORCYCLE""]",向總代理預付車款,93
1250102,12501,L5_DETAIL,5,1,12,1250,12501,1250102,預付貨款－零件,,ASSET,PARTS,NORMAL,1250,預付款項,TRUE,D,TRUE,FALSE,"[""SUPPLIER"", ""PO""]","{""profit_attribution"": ""parts_margin""}",FALSE,"[""NEW_CAR"", ""MIXED"", ""SERVICE_ONLY"", ""MOTORCYCLE""]",,94
12502,1250,L4_PARENT,4,1,12,1250,12502,,預付費用,,ASSET,GENERAL,NORMAL,1250,預付款項,FALSE,D,TRUE,FALSE,[],{},FALSE,"[""NEW_CAR"", ""USED_CAR"", ""MIXED"", ""SERVICE_ONLY"", ""MOTORCYCLE""]",預付各項費用,95
1250201,12502,L5_DETAIL,5,1,12,1250,12502,1250201,預付租金,,ASSET,GENERAL,NORMAL,1250,預付款項,TRUE,D,TRUE,FALSE,"[""STORE""]",{},FALSE,"[""NEW_CAR"", ""USED_CAR"", ""MIXED"", ""SERVICE_ONLY"", ""MOTORCYCLE""]",,96
1250202,12502,L5_DETAIL,5,1,12,1250,12502,1250202,預付保險費,,ASSET,GENERAL,NORMAL,1250,預付款項,TRUE,D,TRUE,FALSE,[],{},FALSE,"[""NEW_CAR"", ""USED_CAR"", ""MIXED"", ""SERVICE_ONLY"", ""MOTORCYCLE""]",公司險、商業險預付,97
1250203,12502,L5_DETAIL,5,1,12,1250,12502,1250203,預付廣告費,,ASSET,GENERAL,NORMAL,1250,預付款項,TRUE,D,TRUE,FALSE,"[""CAMPAIGN""]",{},FALSE,"[""NEW_CAR"", ""USED_CAR"", ""MIXED"", ""SERVICE_ONLY"", ""MOTORCYCLE""]",,98
1250204,12502,L5_DETAIL,5,1,12,1250,12502,1250204,用品盤存,,ASSET,GENERAL,NORMAL,1250,預付款項,TRUE,D,TRUE,FALSE,[],{},FALSE,"[""NEW_CAR"", ""USED_CAR"", ""MIXED"", ""SERVICE_ONLY"", ""MOTORCYCLE""]",辦公文具未用完,99
15,1,L2_SUBCATEGORY,2,1,15,,,,非流動資產,,ASSET,GENERAL,NORMAL,,,FALSE,D,TRUE,TRUE,[],{},FALSE,"[""NEW_CAR"", ""USED_CAR"", ""MIXED"", ""SERVICE_ONLY"", ""MOTORCYCLE""]",L2：非流動資產,100
1500,15,L3_MOEA,3,1,15,1500,,,不動產、廠房及設備,,ASSET,GENERAL,NORMAL,1500,不動產、廠房及設備,FALSE,D,TRUE,TRUE,[],{},FALSE,"[""NEW_CAR"", ""USED_CAR"", ""MIXED"", ""SERVICE_ONLY"", ""MOTORCYCLE""]",MOEA 1500,101
15001,1500,L4_PARENT,4,1,15,1500,15001,,土地,,ASSET,GENERAL,NORMAL,1500,不動產、廠房及設備,FALSE,D,TRUE,FALSE,"[""LOCATION""]",{},FALSE,"[""NEW_CAR"", ""USED_CAR"", ""MIXED"", ""SERVICE_ONLY"", ""MOTORCYCLE""]",,102
1500101,15001,L5_DETAIL,5,1,15,1500,15001,1500101,土地－成本,,ASSET,GENERAL,NORMAL,1500,不動產、廠房及設備,TRUE,D,TRUE,FALSE,"[""LOCATION""]",{},FALSE,"[""NEW_CAR"", ""USED_CAR"", ""MIXED"", ""SERVICE_ONLY"", ""MOTORCYCLE""]",,103
15002,1500,L4_PARENT,4,1,15,1500,15002,,建築物,,ASSET,GENERAL,NORMAL,1500,不動產、廠房及設備,FALSE,D,TRUE,FALSE,"[""LOCATION""]",{},FALSE,"[""NEW_CAR"", ""USED_CAR"", ""MIXED"", ""SERVICE_ONLY"", ""MOTORCYCLE""]",,104
1500201,15002,L5_DETAIL,5,1,15,1500,15002,1500201,建築物－展間,,ASSET,GENERAL,NORMAL,1500,不動產、廠房及設備,TRUE,D,TRUE,FALSE,"[""LOCATION""]",{},FALSE,"[""NEW_CAR"", ""USED_CAR"", ""MIXED"", ""SERVICE_ONLY"", ""MOTORCYCLE""]",,105
1500202,15002,L5_DETAIL,5,1,15,1500,15002,1500202,建築物－維修廠,,ASSET,SERVICE,NORMAL,1500,不動產、廠房及設備,TRUE,D,TRUE,FALSE,"[""LOCATION""]","{""profit_attribution"": ""service_margin""}",FALSE,"[""NEW_CAR"", ""USED_CAR"", ""MIXED"", ""SERVICE_ONLY"", ""MOTORCYCLE""]",,106
1500203,15002,L5_DETAIL,5,1,15,1500,15002,1500203,建築物－倉庫,,ASSET,GENERAL,NORMAL,1500,不動產、廠房及設備,TRUE,D,TRUE,FALSE,"[""LOCATION""]",{},FALSE,"[""NEW_CAR"", ""USED_CAR"", ""MIXED"", ""SERVICE_ONLY"", ""MOTORCYCLE""]",,107
1500209,15002,L5_DETAIL,5,1,15,1500,15002,1500209,累計折舊－建築物,,ASSET,GENERAL,NORMAL,1500,不動產、廠房及設備,TRUE,C,TRUE,FALSE,"[""LOCATION""]",{},FALSE,"[""NEW_CAR"", ""USED_CAR"", ""MIXED"", ""SERVICE_ONLY"", ""MOTORCYCLE""]",減項,108
15003,1500,L4_PARENT,4,1,15,1500,15003,,機器設備,,ASSET,SERVICE,NORMAL,1500,不動產、廠房及設備,FALSE,D,TRUE,FALSE,"[""LOCATION""]","{""profit_attribution"": ""service_margin""}",FALSE,"[""NEW_CAR"", ""USED_CAR"", ""MIXED"", ""SERVICE_ONLY"", ""MOTORCYCLE""]",母科：維修廠設備,109
1500301,15003,L5_DETAIL,5,1,15,1500,15003,1500301,舉昇機,,ASSET,SERVICE,NORMAL,1500,不動產、廠房及設備,TRUE,D,TRUE,FALSE,"[""LOCATION""]","{""profit_attribution"": ""service_margin""}",FALSE,"[""NEW_CAR"", ""USED_CAR"", ""MIXED"", ""SERVICE_ONLY"", ""MOTORCYCLE""]",,110
1500302,15003,L5_DETAIL,5,1,15,1500,15003,1500302,鈑金/烤漆設備,,ASSET,SERVICE,NORMAL,1500,不動產、廠房及設備,TRUE,D,TRUE,FALSE,"[""LOCATION""]","{""profit_attribution"": ""service_margin""}",FALSE,"[""NEW_CAR"", ""USED_CAR"", ""MIXED"", ""SERVICE_ONLY"", ""MOTORCYCLE""]",,111
1500303,15003,L5_DETAIL,5,1,15,1500,15003,1500303,電腦診斷儀,,ASSET,SERVICE,NORMAL,1500,不動產、廠房及設備,TRUE,D,TRUE,FALSE,"[""LOCATION""]","{""profit_attribution"": ""service_margin""}",FALSE,"[""NEW_CAR"", ""USED_CAR"", ""MIXED"", ""SERVICE_ONLY"", ""MOTORCYCLE""]",,112
1500304,15003,L5_DETAIL,5,1,15,1500,15003,1500304,工具/手工具,,ASSET,SERVICE,NORMAL,1500,不動產、廠房及設備,TRUE,D,TRUE,FALSE,"[""LOCATION""]","{""profit_attribution"": ""service_margin""}",FALSE,"[""NEW_CAR"", ""USED_CAR"", ""MIXED"", ""SERVICE_ONLY"", ""MOTORCYCLE""]",,113
1500309,15003,L5_DETAIL,5,1,15,1500,15003,1500309,累計折舊－機器設備,,ASSET,SERVICE,NORMAL,1500,不動產、廠房及設備,TRUE,C,TRUE,FALSE,"[""LOCATION""]","{""profit_attribution"": ""service_margin""}",FALSE,"[""NEW_CAR"", ""USED_CAR"", ""MIXED"", ""SERVICE_ONLY"", ""MOTORCYCLE""]",減項,114
15004,1500,L4_PARENT,4,1,15,1500,15004,,運輸設備,,ASSET,GENERAL,NORMAL,1500,不動產、廠房及設備,FALSE,D,TRUE,FALSE,"[""LOCATION""]",{},FALSE,"[""NEW_CAR"", ""USED_CAR"", ""MIXED"", ""SERVICE_ONLY"", ""MOTORCYCLE""]",公司自用車輛,115
1500401,15004,L5_DETAIL,5,1,15,1500,15004,1500401,運輸設備－交車車,,ASSET,GENERAL,NORMAL,1500,不動產、廠房及設備,TRUE,D,TRUE,FALSE,"[""LOCATION""]",{},FALSE,"[""NEW_CAR"", ""USED_CAR"", ""MIXED"", ""SERVICE_ONLY"", ""MOTORCYCLE""]",業務用拖車,116
1500402,15004,L5_DETAIL,5,1,15,1500,15004,1500402,運輸設備－試乘車（已轉資產）,,ASSET,VEHICLE_INV,NORMAL,1500,不動產、廠房及設備,TRUE,D,TRUE,FALSE,"[""VEHICLE"", ""VIN""]","{""kpi_role"": ""vehicle_inventory""}",FALSE,"[""NEW_CAR"", ""USED_CAR"", ""MIXED"", ""MOTORCYCLE""]",試乘車期滿轉固資,117
1500409,15004,L5_DETAIL,5,1,15,1500,15004,1500409,累計折舊－運輸設備,,ASSET,GENERAL,NORMAL,1500,不動產、廠房及設備,TRUE,C,TRUE,FALSE,"[""LOCATION""]",{},FALSE,"[""NEW_CAR"", ""USED_CAR"", ""MIXED"", ""SERVICE_ONLY"", ""MOTORCYCLE""]",減項,118
15005,1500,L4_PARENT,4,1,15,1500,15005,,辦公設備,,ASSET,GENERAL,NORMAL,1500,不動產、廠房及設備,FALSE,D,TRUE,FALSE,"[""DEPT""]",{},FALSE,"[""NEW_CAR"", ""USED_CAR"", ""MIXED"", ""SERVICE_ONLY"", ""MOTORCYCLE""]",,119
1500501,15005,L5_DETAIL,5,1,15,1500,15005,1500501,電腦設備,,ASSET,GENERAL,NORMAL,1500,不動產、廠房及設備,TRUE,D,TRUE,FALSE,"[""DEPT""]",{},FALSE,"[""NEW_CAR"", ""USED_CAR"", ""MIXED"", ""SERVICE_ONLY"", ""MOTORCYCLE""]",,120
1500502,15005,L5_DETAIL,5,1,15,1500,15005,1500502,辦公家具,,ASSET,GENERAL,NORMAL,1500,不動產、廠房及設備,TRUE,D,TRUE,FALSE,"[""DEPT""]",{},FALSE,"[""NEW_CAR"", ""USED_CAR"", ""MIXED"", ""SERVICE_ONLY"", ""MOTORCYCLE""]",,121
1500509,15005,L5_DETAIL,5,1,15,1500,15005,1500509,累計折舊－辦公設備,,ASSET,GENERAL,NORMAL,1500,不動產、廠房及設備,TRUE,C,TRUE,FALSE,"[""DEPT""]",{},FALSE,"[""NEW_CAR"", ""USED_CAR"", ""MIXED"", ""SERVICE_ONLY"", ""MOTORCYCLE""]",減項,122
1550,15,L3_MOEA,3,1,15,1550,,,使用權資產,,ASSET,GENERAL,NORMAL,1550,使用權資產,FALSE,D,TRUE,TRUE,[],{},FALSE,"[""NEW_CAR"", ""USED_CAR"", ""MIXED"", ""SERVICE_ONLY"", ""MOTORCYCLE""]",MOEA 1550，IFRS 16,123
15501,1550,L4_PARENT,4,1,15,1550,15501,,使用權資產,,ASSET,GENERAL,NORMAL,1550,使用權資產,FALSE,D,TRUE,FALSE,"[""CONTRACT""]",{},FALSE,"[""NEW_CAR"", ""USED_CAR"", ""MIXED"", ""SERVICE_ONLY"", ""MOTORCYCLE""]",,124
1550101,15501,L5_DETAIL,5,1,15,1550,15501,1550101,使用權資產－房屋,,ASSET,GENERAL,NORMAL,1550,使用權資產,TRUE,D,TRUE,FALSE,"[""CONTRACT"", ""LOCATION""]",{},FALSE,"[""NEW_CAR"", ""USED_CAR"", ""MIXED"", ""SERVICE_ONLY"", ""MOTORCYCLE""]",租賃展間/廠房,125
1550102,15501,L5_DETAIL,5,1,15,1550,15501,1550102,使用權資產－運輸設備,,ASSET,GENERAL,NORMAL,1550,使用權資產,TRUE,D,FALSE,FALSE,"[""CONTRACT""]",{},FALSE,"[""MIXED""]",,126
1550109,15501,L5_DETAIL,5,1,15,1550,15501,1550109,累計折舊－使用權資產,,ASSET,GENERAL,NORMAL,1550,使用權資產,TRUE,C,TRUE,FALSE,"[""CONTRACT""]",{},FALSE,"[""NEW_CAR"", ""USED_CAR"", ""MIXED"", ""SERVICE_ONLY"", ""MOTORCYCLE""]",減項,127
1780,15,L3_MOEA,3,1,17,1780,,,無形資產,,ASSET,GENERAL,NORMAL,1780,無形資產,FALSE,D,TRUE,TRUE,[],{},FALSE,"[""NEW_CAR"", ""USED_CAR"", ""MIXED"", ""SERVICE_ONLY"", ""MOTORCYCLE""]",MOEA 1780,128
17801,1780,L4_PARENT,4,1,17,1780,17801,,無形資產,,ASSET,GENERAL,NORMAL,1780,無形資產,FALSE,D,TRUE,FALSE,[],{},FALSE,"[""NEW_CAR"", ""USED_CAR"", ""MIXED"", ""SERVICE_ONLY"", ""MOTORCYCLE""]",,129
1780101,17801,L5_DETAIL,5,1,17,1780,17801,1780101,電腦軟體,,ASSET,GENERAL,NORMAL,1780,無形資產,TRUE,D,TRUE,FALSE,[],{},FALSE,"[""NEW_CAR"", ""USED_CAR"", ""MIXED"", ""SERVICE_ONLY"", ""MOTORCYCLE""]",DealerOS 訂閱費可資本化部分,130
1780102,17801,L5_DETAIL,5,1,17,1780,17801,1780102,加盟金,,ASSET,GENERAL,NORMAL,1780,無形資產,TRUE,D,TRUE,FALSE,"[""DEALER""]",{},FALSE,"[""NEW_CAR"", ""USED_CAR"", ""MIXED"", ""SERVICE_ONLY"", ""MOTORCYCLE""]",品牌經銷權,131
1780109,17801,L5_DETAIL,5,1,17,1780,17801,1780109,累計攤銷－無形資產,,ASSET,GENERAL,NORMAL,1780,無形資產,TRUE,C,TRUE,FALSE,[],{},FALSE,"[""NEW_CAR"", ""USED_CAR"", ""MIXED"", ""SERVICE_ONLY"", ""MOTORCYCLE""]",減項,132
1820,15,L3_MOEA,3,1,18,1820,,,其他非流動資產,,ASSET,GENERAL,NORMAL,1820,其他非流動資產,FALSE,D,TRUE,TRUE,[],{},FALSE,"[""NEW_CAR"", ""USED_CAR"", ""MIXED"", ""SERVICE_ONLY"", ""MOTORCYCLE""]",MOEA 1820,133
18201,1820,L4_PARENT,4,1,18,1820,18201,,存出保證金,,ASSET,GENERAL,NORMAL,1820,其他非流動資產,FALSE,D,TRUE,FALSE,"[""VENDOR""]",{},FALSE,"[""NEW_CAR"", ""USED_CAR"", ""MIXED"", ""SERVICE_ONLY"", ""MOTORCYCLE""]",母科：押金,134
1820101,18201,L5_DETAIL,5,1,18,1820,18201,1820101,存出保證金－房屋租賃,,ASSET,GENERAL,NORMAL,1820,其他非流動資產,TRUE,D,TRUE,FALSE,"[""STORE"", ""CONTRACT""]",{},FALSE,"[""NEW_CAR"", ""USED_CAR"", ""MIXED"", ""SERVICE_ONLY"", ""MOTORCYCLE""]",,135
1820102,18201,L5_DETAIL,5,1,18,1820,18201,1820102,存出保證金－供應商,,ASSET,GENERAL,NORMAL,1820,其他非流動資產,TRUE,D,TRUE,FALSE,"[""VENDOR""]",{},FALSE,"[""NEW_CAR"", ""USED_CAR"", ""MIXED"", ""SERVICE_ONLY"", ""MOTORCYCLE""]",原廠/總代理保證金,136
1820103,18201,L5_DETAIL,5,1,18,1820,18201,1820103,存出保證金－其他,,ASSET,GENERAL,NORMAL,1820,其他非流動資產,TRUE,D,TRUE,FALSE,[],{},FALSE,"[""NEW_CAR"", ""USED_CAR"", ""MIXED"", ""SERVICE_ONLY"", ""MOTORCYCLE""]",,137
2,,L1_CATEGORY,1,2,,,,,負債,,LIABILITY,GENERAL,NORMAL,,,FALSE,C,TRUE,TRUE,[],{},FALSE,"[""NEW_CAR"", ""USED_CAR"", ""MIXED"", ""SERVICE_ONLY"", ""MOTORCYCLE""]",L1：負債類,138
21,2,L2_SUBCATEGORY,2,2,21,,,,流動負債,,LIABILITY,GENERAL,NORMAL,,,FALSE,C,TRUE,TRUE,[],{},FALSE,"[""NEW_CAR"", ""USED_CAR"", ""MIXED"", ""SERVICE_ONLY"", ""MOTORCYCLE""]",,139
2110,21,L3_MOEA,3,2,21,2110,,,短期借款,,LIABILITY,GENERAL,NORMAL,2110,短期借款,FALSE,C,TRUE,TRUE,[],{},FALSE,"[""NEW_CAR"", ""USED_CAR"", ""MIXED"", ""SERVICE_ONLY"", ""MOTORCYCLE""]",MOEA 2110,140
21101,2110,L4_PARENT,4,2,21,2110,21101,,短期借款－銀行,,LIABILITY,GENERAL,NORMAL,2110,短期借款,FALSE,C,TRUE,FALSE,"[""BANK""]",{},FALSE,"[""NEW_CAR"", ""USED_CAR"", ""MIXED"", ""SERVICE_ONLY"", ""MOTORCYCLE""]",母科：依銀行分,141
2110101,21101,L5_DETAIL,5,2,21,2110,21101,2110101,短期借款－一般週轉金,,LIABILITY,GENERAL,NORMAL,2110,短期借款,TRUE,C,TRUE,FALSE,"[""BANK""]",{},FALSE,"[""NEW_CAR"", ""USED_CAR"", ""MIXED"", ""SERVICE_ONLY"", ""MOTORCYCLE""]",,142
2110102,21101,L5_DETAIL,5,2,21,2110,21101,2110102,短期借款－車輛庫存融資,,LIABILITY,VEHICLE_INV,NORMAL,2110,短期借款,TRUE,C,TRUE,FALSE,"[""BANK"", ""VEHICLE""]","{""kpi_role"": ""floor_plan_debt""}",FALSE,"[""NEW_CAR"", ""USED_CAR"", ""MIXED"", ""MOTORCYCLE""]",Floor Plan（經銷商命脈）,143
2110103,21101,L5_DETAIL,5,2,21,2110,21101,2110103,短期借款－外幣借款,,LIABILITY,GENERAL,NORMAL,2110,短期借款,TRUE,C,FALSE,FALSE,"[""BANK""]",{},FALSE,"[""MIXED""]",進口車商常用,144
2120,21,L3_MOEA,3,2,21,2120,,,應付短期票券,,LIABILITY,GENERAL,NORMAL,2120,應付短期票券,FALSE,C,FALSE,TRUE,[],{},FALSE,"[""MIXED""]",MOEA 2120,145
21201,2120,L4_PARENT,4,2,21,2120,21201,,應付商業本票,,LIABILITY,GENERAL,NORMAL,2120,應付短期票券,FALSE,C,FALSE,FALSE,[],{},FALSE,"[""MIXED""]",,146
2120101,21201,L5_DETAIL,5,2,21,2120,21201,2120101,應付商業本票,,LIABILITY,GENERAL,NORMAL,2120,應付短期票券,TRUE,C,FALSE,FALSE,[],{},FALSE,"[""MIXED""]",,147
2150,21,L3_MOEA,3,2,21,2150,,,應付票據,,LIABILITY,GENERAL,NORMAL,2150,應付票據,FALSE,C,TRUE,TRUE,[],{},FALSE,"[""NEW_CAR"", ""USED_CAR"", ""MIXED"", ""SERVICE_ONLY"", ""MOTORCYCLE""]",MOEA 2150,148
21501,2150,L4_PARENT,4,2,21,2150,21501,,應付票據,,LIABILITY,GENERAL,NORMAL,2150,應付票據,FALSE,C,TRUE,FALSE,"[""VENDOR""]",{},FALSE,"[""NEW_CAR"", ""USED_CAR"", ""MIXED"", ""SERVICE_ONLY"", ""MOTORCYCLE""]",,149
2150101,21501,L5_DETAIL,5,2,21,2150,21501,2150101,應付票據－車輛採購,,LIABILITY,VEHICLE_INV,NORMAL,2150,應付票據,TRUE,C,TRUE,FALSE,"[""VENDOR"", ""VIN""]",{},FALSE,"[""NEW_CAR"", ""USED_CAR"", ""MIXED"", ""MOTORCYCLE""]",,150
2150102,21501,L5_DETAIL,5,2,21,2150,21501,2150102,應付票據－零件採購,,LIABILITY,PARTS,NORMAL,2150,應付票據,TRUE,C,TRUE,FALSE,"[""VENDOR""]","{""profit_attribution"": ""parts_margin""}",FALSE,"[""NEW_CAR"", ""MIXED"", ""SERVICE_ONLY"", ""MOTORCYCLE""]",,151
2150103,21501,L5_DETAIL,5,2,21,2150,21501,2150103,應付票據－一般採購,,LIABILITY,GENERAL,NORMAL,2150,應付票據,TRUE,C,TRUE,FALSE,"[""VENDOR""]",{},FALSE,"[""NEW_CAR"", ""USED_CAR"", ""MIXED"", ""SERVICE_ONLY"", ""MOTORCYCLE""]",,152
2170,21,L3_MOEA,3,2,21,2170,,,應付帳款,,LIABILITY,GENERAL,NORMAL,2170,應付帳款,FALSE,C,TRUE,TRUE,[],{},FALSE,"[""NEW_CAR"", ""USED_CAR"", ""MIXED"", ""SERVICE_ONLY"", ""MOTORCYCLE""]",MOEA 2170,153
21701,2170,L4_PARENT,4,2,21,2170,21701,,應付帳款,,LIABILITY,GENERAL,NORMAL,2170,應付帳款,FALSE,C,TRUE,FALSE,"[""VENDOR""]",{},FALSE,"[""NEW_CAR"", ""USED_CAR"", ""MIXED"", ""SERVICE_ONLY"", ""MOTORCYCLE""]",母科：依採購類別分,154
2170101,21701,L5_DETAIL,5,2,21,2170,21701,2170101,應付帳款－車輛進貨,,LIABILITY,VEHICLE_INV,NORMAL,2170,應付帳款,TRUE,C,TRUE,FALSE,"[""VENDOR"", ""VIN""]",{},FALSE,"[""NEW_CAR"", ""USED_CAR"", ""MIXED"", ""MOTORCYCLE""]",應付總代理車款,155
2170102,21701,L5_DETAIL,5,2,21,2170,21701,2170102,應付帳款－零件進貨,,LIABILITY,PARTS,NORMAL,2170,應付帳款,TRUE,C,TRUE,FALSE,"[""VENDOR""]","{""profit_attribution"": ""parts_margin""}",FALSE,"[""NEW_CAR"", ""MIXED"", ""SERVICE_ONLY"", ""MOTORCYCLE""]",,156
2170103,21701,L5_DETAIL,5,2,21,2170,21701,2170103,應付帳款－外包工資,,LIABILITY,SERVICE,NORMAL,2170,應付帳款,TRUE,C,TRUE,FALSE,"[""VENDOR""]","{""profit_attribution"": ""service_margin""}",FALSE,"[""NEW_CAR"", ""USED_CAR"", ""MIXED"", ""SERVICE_ONLY"", ""MOTORCYCLE""]",板金/烤漆/外包維修,157
2170104,21701,L5_DETAIL,5,2,21,2170,21701,2170104,應付帳款－廣告費,,LIABILITY,GENERAL,NORMAL,2170,應付帳款,TRUE,C,TRUE,FALSE,"[""VENDOR""]",{},FALSE,"[""NEW_CAR"", ""USED_CAR"", ""MIXED"", ""SERVICE_ONLY"", ""MOTORCYCLE""]",,158
2170105,21701,L5_DETAIL,5,2,21,2170,21701,2170105,應付帳款－一般費用,,LIABILITY,GENERAL,NORMAL,2170,應付帳款,TRUE,C,TRUE,FALSE,"[""VENDOR""]",{},FALSE,"[""NEW_CAR"", ""USED_CAR"", ""MIXED"", ""SERVICE_ONLY"", ""MOTORCYCLE""]",,159
2200,21,L3_MOEA,3,2,22,2200,,,其他應付款,,LIABILITY,GENERAL,NORMAL,2200,其他應付款,FALSE,C,TRUE,TRUE,[],{},FALSE,"[""NEW_CAR"", ""USED_CAR"", ""MIXED"", ""SERVICE_ONLY"", ""MOTORCYCLE""]",MOEA 2200,160
22001,2200,L4_PARENT,4,2,22,2200,22001,,應付薪資,,LIABILITY,GENERAL,NORMAL,2200,其他應付款,FALSE,C,TRUE,FALSE,"[""DEPT""]",{},FALSE,"[""NEW_CAR"", ""USED_CAR"", ""MIXED"", ""SERVICE_ONLY"", ""MOTORCYCLE""]",,161
2200101,22001,L5_DETAIL,5,2,22,2200,22001,2200101,應付薪資,,LIABILITY,GENERAL,NORMAL,2200,其他應付款,TRUE,C,TRUE,FALSE,"[""DEPT""]",{},FALSE,"[""NEW_CAR"", ""USED_CAR"", ""MIXED"", ""SERVICE_ONLY"", ""MOTORCYCLE""]",月薪,162
2200102,22001,L5_DETAIL,5,2,22,2200,22001,2200102,應付獎金－業務,,LIABILITY,VEHICLE_SALES,NORMAL,2200,其他應付款,TRUE,C,TRUE,FALSE,"[""SALESPERSON"", ""STORE""]","{""profit_attribution"": ""vehicle_margin""}",FALSE,"[""NEW_CAR"", ""USED_CAR"", ""MIXED"", ""MOTORCYCLE""]",業務銷售獎金,163
2200103,22001,L5_DETAIL,5,2,22,2200,22001,2200103,應付獎金－技師,,LIABILITY,SERVICE,NORMAL,2200,其他應付款,TRUE,C,TRUE,FALSE,"[""TECHNICIAN"", ""STORE""]","{""profit_attribution"": ""service_margin""}",FALSE,"[""NEW_CAR"", ""USED_CAR"", ""MIXED"", ""SERVICE_ONLY"", ""MOTORCYCLE""]",工時獎金,164
2200104,22001,L5_DETAIL,5,2,22,2200,22001,2200104,應付獎金－年終,,LIABILITY,GENERAL,NORMAL,2200,其他應付款,TRUE,C,TRUE,FALSE,"[""DEPT""]",{},FALSE,"[""NEW_CAR"", ""USED_CAR"", ""MIXED"", ""SERVICE_ONLY"", ""MOTORCYCLE""]",,165
22002,2200,L4_PARENT,4,2,22,2200,22002,,應付佣金,,LIABILITY,GENERAL,NORMAL,2200,其他應付款,FALSE,C,TRUE,FALSE,[],{},FALSE,"[""NEW_CAR"", ""USED_CAR"", ""MIXED"", ""SERVICE_ONLY"", ""MOTORCYCLE""]",母科：給外部的佣金,166
2200201,22002,L5_DETAIL,5,2,22,2200,22002,2200201,應付介紹費,,LIABILITY,VEHICLE_SALES,WITHHOLDING,2200,其他應付款,TRUE,C,TRUE,FALSE,"[""REFERRER""]","{""profit_attribution"": ""vehicle_margin""}",FALSE,"[""NEW_CAR"", ""USED_CAR"", ""MIXED"", ""MOTORCYCLE""]",客戶介紹費（需扣繳）,167
2200202,22002,L5_DETAIL,5,2,22,2200,22002,2200202,應付佣金－保險推廣,,LIABILITY,VEHICLE_SALES,NORMAL,2200,其他應付款,TRUE,C,FALSE,FALSE,"[""VENDOR""]","{""profit_attribution"": ""vehicle_margin""}",FALSE,"[""MIXED""]",,168
22003,2200,L4_PARENT,4,2,22,2200,22003,,應付費用,,LIABILITY,GENERAL,NORMAL,2200,其他應付款,FALSE,C,TRUE,FALSE,[],{},FALSE,"[""NEW_CAR"", ""USED_CAR"", ""MIXED"", ""SERVICE_ONLY"", ""MOTORCYCLE""]",已發生未付款,169
2200301,22003,L5_DETAIL,5,2,22,2200,22003,2200301,應付水電瓦斯,,LIABILITY,GENERAL,NORMAL,2200,其他應付款,TRUE,C,TRUE,FALSE,"[""STORE""]",{},FALSE,"[""NEW_CAR"", ""USED_CAR"", ""MIXED"", ""SERVICE_ONLY"", ""MOTORCYCLE""]",,170
2200302,22003,L5_DETAIL,5,2,22,2200,22003,2200302,應付租金,,LIABILITY,GENERAL,NORMAL,2200,其他應付款,TRUE,C,TRUE,FALSE,"[""STORE"", ""CONTRACT""]",{},FALSE,"[""NEW_CAR"", ""USED_CAR"", ""MIXED"", ""SERVICE_ONLY"", ""MOTORCYCLE""]",,171
2200303,22003,L5_DETAIL,5,2,22,2200,22003,2200303,應付利息,,LIABILITY,GENERAL,NORMAL,2200,其他應付款,TRUE,C,TRUE,FALSE,"[""BANK""]",{},FALSE,"[""NEW_CAR"", ""USED_CAR"", ""MIXED"", ""SERVICE_ONLY"", ""MOTORCYCLE""]",,172
2200304,22003,L5_DETAIL,5,2,22,2200,22003,2200304,應付運費,,LIABILITY,GENERAL,NORMAL,2200,其他應付款,TRUE,C,TRUE,FALSE,"[""VENDOR""]",{},FALSE,"[""NEW_CAR"", ""USED_CAR"", ""MIXED"", ""SERVICE_ONLY"", ""MOTORCYCLE""]",,173
22004,2200,L4_PARENT,4,2,22,2200,22004,,代收款－代繳,,LIABILITY,GENERAL,NORMAL,2200,其他應付款,FALSE,C,TRUE,FALSE,[],{},FALSE,"[""NEW_CAR"", ""USED_CAR"", ""MIXED"", ""SERVICE_ONLY"", ""MOTORCYCLE""]",★ 與 11901 對應,174
2200401,22004,L5_DETAIL,5,2,22,2200,22004,2200401,代收款－監理規費（待繳）,,LIABILITY,VEHICLE_SALES,WITHHOLDING,2200,其他應付款,TRUE,C,TRUE,FALSE,"[""VEHICLE""]","{""profit_attribution"": ""vehicle_margin""}",FALSE,"[""NEW_CAR"", ""USED_CAR"", ""MIXED"", ""MOTORCYCLE""]",,175
2200402,22004,L5_DETAIL,5,2,22,2200,22004,2200402,代收款－牌照稅（待繳）,,LIABILITY,VEHICLE_SALES,WITHHOLDING,2200,其他應付款,TRUE,C,TRUE,FALSE,"[""VEHICLE""]","{""profit_attribution"": ""vehicle_margin""}",FALSE,"[""NEW_CAR"", ""USED_CAR"", ""MIXED"", ""MOTORCYCLE""]",,176
2200403,22004,L5_DETAIL,5,2,22,2200,22004,2200403,代收款－燃料稅（待繳）,,LIABILITY,VEHICLE_SALES,WITHHOLDING,2200,其他應付款,TRUE,C,TRUE,FALSE,"[""VEHICLE""]","{""profit_attribution"": ""vehicle_margin""}",FALSE,"[""NEW_CAR"", ""USED_CAR"", ""MIXED"", ""MOTORCYCLE""]",,177
2200404,22004,L5_DETAIL,5,2,22,2200,22004,2200404,代收款－強制險（待繳）,,LIABILITY,VEHICLE_SALES,EXEMPT,2200,其他應付款,TRUE,C,TRUE,FALSE,"[""VEHICLE""]","{""profit_attribution"": ""vehicle_margin""}",FALSE,"[""NEW_CAR"", ""USED_CAR"", ""MIXED"", ""MOTORCYCLE""]",,178
2200405,22004,L5_DETAIL,5,2,22,2200,22004,2200405,代收款－任意險（待繳）,,LIABILITY,VEHICLE_SALES,EXEMPT,2200,其他應付款,TRUE,C,TRUE,FALSE,"[""VEHICLE""]","{""profit_attribution"": ""vehicle_margin""}",FALSE,"[""NEW_CAR"", ""USED_CAR"", ""MIXED"", ""MOTORCYCLE""]",,179
22005,2200,L4_PARENT,4,2,22,2200,22005,,代扣款,,LIABILITY,GENERAL,NORMAL,2200,其他應付款,FALSE,C,TRUE,FALSE,[],{},FALSE,"[""NEW_CAR"", ""USED_CAR"", ""MIXED"", ""SERVICE_ONLY"", ""MOTORCYCLE""]",母科：扣繳款項,180
2200501,22005,L5_DETAIL,5,2,22,2200,22005,2200501,代扣所得稅,,LIABILITY,GENERAL,WITHHOLDING,2200,其他應付款,TRUE,C,TRUE,FALSE,"[""EMPLOYEE""]",{},FALSE,"[""NEW_CAR"", ""USED_CAR"", ""MIXED"", ""SERVICE_ONLY"", ""MOTORCYCLE""]",員工綜所稅扣繳,181
2200502,22005,L5_DETAIL,5,2,22,2200,22005,2200502,代扣健保費,,LIABILITY,GENERAL,NORMAL,2200,其他應付款,TRUE,C,TRUE,FALSE,"[""EMPLOYEE""]",{},FALSE,"[""NEW_CAR"", ""USED_CAR"", ""MIXED"", ""SERVICE_ONLY"", ""MOTORCYCLE""]",,182
2200503,22005,L5_DETAIL,5,2,22,2200,22005,2200503,代扣勞保費,,LIABILITY,GENERAL,NORMAL,2200,其他應付款,TRUE,C,TRUE,FALSE,"[""EMPLOYEE""]",{},FALSE,"[""NEW_CAR"", ""USED_CAR"", ""MIXED"", ""SERVICE_ONLY"", ""MOTORCYCLE""]",,183
2200504,22005,L5_DETAIL,5,2,22,2200,22005,2200504,代扣勞退提繳金,,LIABILITY,GENERAL,NORMAL,2200,其他應付款,TRUE,C,TRUE,FALSE,"[""EMPLOYEE""]",{},FALSE,"[""NEW_CAR"", ""USED_CAR"", ""MIXED"", ""SERVICE_ONLY"", ""MOTORCYCLE""]",勞退 6%,184
2200505,22005,L5_DETAIL,5,2,22,2200,22005,2200505,代扣二代健保補充費,,LIABILITY,GENERAL,NORMAL,2200,其他應付款,TRUE,C,TRUE,FALSE,"[""EMPLOYEE""]",{},FALSE,"[""NEW_CAR"", ""USED_CAR"", ""MIXED"", ""SERVICE_ONLY"", ""MOTORCYCLE""]",,185
2230,21,L3_MOEA,3,2,22,2230,,,預收款項,,LIABILITY,GENERAL,NORMAL,2230,預收款項,FALSE,C,TRUE,TRUE,[],{},FALSE,"[""NEW_CAR"", ""USED_CAR"", ""MIXED"", ""SERVICE_ONLY"", ""MOTORCYCLE""]",MOEA 2230,186
22301,2230,L4_PARENT,4,2,22,2230,22301,,預收貨款,,LIABILITY,GENERAL,NORMAL,2230,預收款項,FALSE,C,TRUE,FALSE,[],{},FALSE,"[""NEW_CAR"", ""USED_CAR"", ""MIXED"", ""SERVICE_ONLY"", ""MOTORCYCLE""]",母科：收訂金/預收,187
2230101,22301,L5_DETAIL,5,2,22,2230,22301,2230101,預收訂金－新車,,LIABILITY,VEHICLE_SALES,NORMAL,2230,預收款項,TRUE,C,TRUE,FALSE,"[""CUSTOMER"", ""ORDER""]","{""profit_attribution"": ""vehicle_margin""}",FALSE,"[""NEW_CAR"", ""USED_CAR"", ""MIXED"", ""MOTORCYCLE""]",客戶訂車訂金,188
2230102,22301,L5_DETAIL,5,2,22,2230,22301,2230102,預收訂金－中古車,,LIABILITY,VEHICLE_SALES,NORMAL,2230,預收款項,TRUE,C,TRUE,FALSE,"[""CUSTOMER"", ""ORDER""]","{""profit_attribution"": ""vehicle_margin""}",FALSE,"[""NEW_CAR"", ""USED_CAR"", ""MIXED"", ""MOTORCYCLE""]",,189
2230103,22301,L5_DETAIL,5,2,22,2230,22301,2230103,預收款－維修,,LIABILITY,SERVICE,NORMAL,2230,預收款項,TRUE,C,TRUE,FALSE,"[""CUSTOMER"", ""RO""]","{""profit_attribution"": ""service_margin""}",FALSE,"[""NEW_CAR"", ""USED_CAR"", ""MIXED"", ""SERVICE_ONLY"", ""MOTORCYCLE""]",,190
22302,2230,L4_PARENT,4,2,22,2230,22302,,合約負債,,LIABILITY,GENERAL,DEFERRED,2230,預收款項,FALSE,C,TRUE,FALSE,[],{},FALSE,"[""NEW_CAR"", ""USED_CAR"", ""MIXED"", ""SERVICE_ONLY"", ""MOTORCYCLE""]",★ IFRS 15 履約義務,191
2230201,22302,L5_DETAIL,5,2,22,2230,22302,2230201,合約負債－保養套餐,,LIABILITY,SERVICE,DEFERRED,2230,預收款項,TRUE,C,TRUE,FALSE,"[""CUSTOMER"", ""CONTRACT""]","{""profit_attribution"": ""service_margin""}",FALSE,"[""NEW_CAR"", ""USED_CAR"", ""MIXED"", ""SERVICE_ONLY"", ""MOTORCYCLE""]",預售保養合約（攤認）,192
2230202,22302,L5_DETAIL,5,2,22,2230,22302,2230202,合約負債－延長保固,,LIABILITY,SERVICE,DEFERRED,2230,預收款項,TRUE,C,TRUE,FALSE,"[""CUSTOMER"", ""CONTRACT""]","{""profit_attribution"": ""service_margin""}",FALSE,"[""NEW_CAR"", ""USED_CAR"", ""MIXED"", ""SERVICE_ONLY"", ""MOTORCYCLE""]",延保方案（攤認）,193
2230203,22302,L5_DETAIL,5,2,22,2230,22302,2230203,合約負債－積點/紅利,,LIABILITY,VEHICLE_SALES,DEFERRED,2230,預收款項,TRUE,C,FALSE,FALSE,"[""CUSTOMER""]","{""profit_attribution"": ""vehicle_margin""}",FALSE,"[""MIXED""]",客戶忠誠計畫,194
2250,21,L3_MOEA,3,2,22,2250,,,銷項稅額,,LIABILITY,GENERAL,VAT_OUTPUT,2250,銷項稅額,FALSE,C,TRUE,TRUE,[],{},FALSE,"[""NEW_CAR"", ""USED_CAR"", ""MIXED"", ""SERVICE_ONLY"", ""MOTORCYCLE""]",MOEA 2250,195
22501,2250,L4_PARENT,4,2,22,2250,22501,,銷項稅額,,LIABILITY,GENERAL,VAT_OUTPUT,2250,銷項稅額,FALSE,C,TRUE,FALSE,[],{},FALSE,"[""NEW_CAR"", ""USED_CAR"", ""MIXED"", ""SERVICE_ONLY"", ""MOTORCYCLE""]",,196
2250101,22501,L5_DETAIL,5,2,22,2250,22501,2250101,銷項稅額－應稅 5%,,LIABILITY,GENERAL,VAT_OUTPUT,2250,銷項稅額,TRUE,C,TRUE,FALSE,[],{},FALSE,"[""NEW_CAR"", ""USED_CAR"", ""MIXED"", ""SERVICE_ONLY"", ""MOTORCYCLE""]",,197
2250102,22501,L5_DETAIL,5,2,22,2250,22501,2250102,銷項稅額－零稅率,,LIABILITY,GENERAL,ZERO_RATED,2250,銷項稅額,TRUE,C,FALSE,FALSE,[],{},FALSE,"[""MIXED""]",外銷,198
2260,21,L3_MOEA,3,2,22,2260,,,本期所得稅負債,,LIABILITY,GENERAL,NORMAL,2260,本期所得稅負債,FALSE,C,TRUE,TRUE,[],{},FALSE,"[""NEW_CAR"", ""USED_CAR"", ""MIXED"", ""SERVICE_ONLY"", ""MOTORCYCLE""]",MOEA 2260,199
22601,2260,L4_PARENT,4,2,22,2260,22601,,應付所得稅,,LIABILITY,GENERAL,NORMAL,2260,本期所得稅負債,FALSE,C,TRUE,FALSE,[],{},FALSE,"[""NEW_CAR"", ""USED_CAR"", ""MIXED"", ""SERVICE_ONLY"", ""MOTORCYCLE""]",,200
2260101,22601,L5_DETAIL,5,2,22,2260,22601,2260101,應付營利事業所得稅,,LIABILITY,GENERAL,NORMAL,2260,本期所得稅負債,TRUE,C,TRUE,FALSE,[],{},FALSE,"[""NEW_CAR"", ""USED_CAR"", ""MIXED"", ""SERVICE_ONLY"", ""MOTORCYCLE""]",,201
2260102,22601,L5_DETAIL,5,2,22,2260,22601,2260102,應付未分配盈餘加徵 5%,,LIABILITY,GENERAL,NORMAL,2260,本期所得稅負債,TRUE,C,TRUE,FALSE,[],{},FALSE,"[""NEW_CAR"", ""USED_CAR"", ""MIXED"", ""SERVICE_ONLY"", ""MOTORCYCLE""]",,202
2280,21,L3_MOEA,3,2,22,2280,,,負債準備－流動,,LIABILITY,GENERAL,NORMAL,2280,負債準備－流動,FALSE,C,TRUE,TRUE,[],{},FALSE,"[""NEW_CAR"", ""USED_CAR"", ""MIXED"", ""SERVICE_ONLY"", ""MOTORCYCLE""]",MOEA 2280,203
22801,2280,L4_PARENT,4,2,22,2280,22801,,負債準備,,LIABILITY,SERVICE,NORMAL,2280,負債準備－流動,FALSE,C,TRUE,FALSE,[],"{""profit_attribution"": ""service_margin""}",FALSE,"[""NEW_CAR"", ""USED_CAR"", ""MIXED"", ""SERVICE_ONLY"", ""MOTORCYCLE""]",母科：保固準備,204
2280101,22801,L5_DETAIL,5,2,22,2280,22801,2280101,負債準備－原廠保固,,LIABILITY,SERVICE,NORMAL,2280,負債準備－流動,TRUE,C,TRUE,FALSE,[],"{""profit_attribution"": ""service_margin""}",FALSE,"[""NEW_CAR"", ""USED_CAR"", ""MIXED"", ""SERVICE_ONLY"", ""MOTORCYCLE""]",原廠保固期內維修預估,205
2280102,22801,L5_DETAIL,5,2,22,2280,22801,2280102,負債準備－經銷商保固,,LIABILITY,SERVICE,NORMAL,2280,負債準備－流動,TRUE,C,TRUE,FALSE,[],"{""profit_attribution"": ""service_margin""}",FALSE,"[""NEW_CAR"", ""USED_CAR"", ""MIXED"", ""SERVICE_ONLY"", ""MOTORCYCLE""]",經銷商自負保固,206
2280103,22801,L5_DETAIL,5,2,22,2280,22801,2280103,負債準備－退貨,,LIABILITY,GENERAL,NORMAL,2280,負債準備－流動,TRUE,C,FALSE,FALSE,[],{},FALSE,"[""MIXED""]",,207
2330,21,L3_MOEA,3,2,23,2330,,,一年內到期長期負債,,LIABILITY,GENERAL,NORMAL,2330,一年內到期長期負債,FALSE,C,TRUE,TRUE,[],{},FALSE,"[""NEW_CAR"", ""USED_CAR"", ""MIXED"", ""SERVICE_ONLY"", ""MOTORCYCLE""]",MOEA 2330,208
23301,2330,L4_PARENT,4,2,23,2330,23301,,一年內到期長期借款,,LIABILITY,GENERAL,NORMAL,2330,一年內到期長期負債,FALSE,C,TRUE,FALSE,"[""BANK""]",{},FALSE,"[""NEW_CAR"", ""USED_CAR"", ""MIXED"", ""SERVICE_ONLY"", ""MOTORCYCLE""]",,209
2330101,23301,L5_DETAIL,5,2,23,2330,23301,2330101,一年內到期長期借款,,LIABILITY,GENERAL,NORMAL,2330,一年內到期長期負債,TRUE,C,TRUE,FALSE,"[""BANK""]",{},FALSE,"[""NEW_CAR"", ""USED_CAR"", ""MIXED"", ""SERVICE_ONLY"", ""MOTORCYCLE""]",,210
23302,2330,L4_PARENT,4,2,23,2330,23302,,一年內到期租賃負債,,LIABILITY,GENERAL,NORMAL,2330,一年內到期長期負債,FALSE,C,TRUE,FALSE,"[""CONTRACT""]",{},FALSE,"[""NEW_CAR"", ""USED_CAR"", ""MIXED"", ""SERVICE_ONLY"", ""MOTORCYCLE""]",IFRS 16,211
2330201,23302,L5_DETAIL,5,2,23,2330,23302,2330201,一年內到期租賃負債,,LIABILITY,GENERAL,NORMAL,2330,一年內到期長期負債,TRUE,C,TRUE,FALSE,"[""CONTRACT""]",{},FALSE,"[""NEW_CAR"", ""USED_CAR"", ""MIXED"", ""SERVICE_ONLY"", ""MOTORCYCLE""]",,212
25,2,L2_SUBCATEGORY,2,2,25,,,,非流動負債,,LIABILITY,GENERAL,NORMAL,,,FALSE,C,TRUE,TRUE,[],{},FALSE,"[""NEW_CAR"", ""USED_CAR"", ""MIXED"", ""SERVICE_ONLY"", ""MOTORCYCLE""]",,213
2500,25,L3_MOEA,3,2,25,2500,,,長期借款,,LIABILITY,GENERAL,NORMAL,2500,長期借款,FALSE,C,TRUE,TRUE,[],{},FALSE,"[""NEW_CAR"", ""USED_CAR"", ""MIXED"", ""SERVICE_ONLY"", ""MOTORCYCLE""]",MOEA 2500,214
25001,2500,L4_PARENT,4,2,25,2500,25001,,長期借款－銀行,,LIABILITY,GENERAL,NORMAL,2500,長期借款,FALSE,C,TRUE,FALSE,"[""BANK""]",{},FALSE,"[""NEW_CAR"", ""USED_CAR"", ""MIXED"", ""SERVICE_ONLY"", ""MOTORCYCLE""]",,215
2500101,25001,L5_DETAIL,5,2,25,2500,25001,2500101,長期借款－一般長期借款,,LIABILITY,GENERAL,NORMAL,2500,長期借款,TRUE,C,TRUE,FALSE,"[""BANK""]",{},FALSE,"[""NEW_CAR"", ""USED_CAR"", ""MIXED"", ""SERVICE_ONLY"", ""MOTORCYCLE""]",,216
2500102,25001,L5_DETAIL,5,2,25,2500,25001,2500102,長期借款－購置不動產,,LIABILITY,GENERAL,NORMAL,2500,長期借款,TRUE,C,TRUE,FALSE,"[""BANK"", ""LOCATION""]",{},FALSE,"[""NEW_CAR"", ""USED_CAR"", ""MIXED"", ""SERVICE_ONLY"", ""MOTORCYCLE""]",,217
2580,25,L3_MOEA,3,2,25,2580,,,租賃負債－非流動,,LIABILITY,GENERAL,NORMAL,2580,租賃負債－非流動,FALSE,C,TRUE,TRUE,[],{},FALSE,"[""NEW_CAR"", ""USED_CAR"", ""MIXED"", ""SERVICE_ONLY"", ""MOTORCYCLE""]",MOEA 2580，IFRS 16,218
25801,2580,L4_PARENT,4,2,25,2580,25801,,租賃負債－非流動,,LIABILITY,GENERAL,NORMAL,2580,租賃負債－非流動,FALSE,C,TRUE,FALSE,"[""CONTRACT""]",{},FALSE,"[""NEW_CAR"", ""USED_CAR"", ""MIXED"", ""SERVICE_ONLY"", ""MOTORCYCLE""]",,219
2580101,25801,L5_DETAIL,5,2,25,2580,25801,2580101,租賃負債－房屋,,LIABILITY,GENERAL,NORMAL,2580,租賃負債－非流動,TRUE,C,TRUE,FALSE,"[""CONTRACT"", ""STORE""]",{},FALSE,"[""NEW_CAR"", ""USED_CAR"", ""MIXED"", ""SERVICE_ONLY"", ""MOTORCYCLE""]",,220
2620,25,L3_MOEA,3,2,26,2620,,,存入保證金,,LIABILITY,GENERAL,NORMAL,2620,存入保證金,FALSE,C,TRUE,TRUE,[],{},FALSE,"[""NEW_CAR"", ""USED_CAR"", ""MIXED"", ""SERVICE_ONLY"", ""MOTORCYCLE""]",MOEA 2620,221
26201,2620,L4_PARENT,4,2,26,2620,26201,,存入保證金,,LIABILITY,GENERAL,NORMAL,2620,存入保證金,FALSE,C,TRUE,FALSE,[],{},FALSE,"[""NEW_CAR"", ""USED_CAR"", ""MIXED"", ""SERVICE_ONLY"", ""MOTORCYCLE""]",,222
2620101,26201,L5_DETAIL,5,2,26,2620,26201,2620101,存入保證金－客戶,,LIABILITY,GENERAL,NORMAL,2620,存入保證金,TRUE,C,TRUE,FALSE,"[""CUSTOMER""]",{},FALSE,"[""NEW_CAR"", ""USED_CAR"", ""MIXED"", ""SERVICE_ONLY"", ""MOTORCYCLE""]",,223
2620102,26201,L5_DETAIL,5,2,26,2620,26201,2620102,存入保證金－供應商,,LIABILITY,GENERAL,NORMAL,2620,存入保證金,TRUE,C,TRUE,FALSE,"[""VENDOR""]",{},FALSE,"[""NEW_CAR"", ""USED_CAR"", ""MIXED"", ""SERVICE_ONLY"", ""MOTORCYCLE""]",,224
3,,L1_CATEGORY,1,3,,,,,權益,,EQUITY,GENERAL,NORMAL,,,FALSE,C,TRUE,TRUE,[],{},FALSE,"[""NEW_CAR"", ""USED_CAR"", ""MIXED"", ""SERVICE_ONLY"", ""MOTORCYCLE""]",L1：權益類,225
31,3,L2_SUBCATEGORY,2,3,31,,,,股本,,EQUITY,GENERAL,NORMAL,,,FALSE,C,TRUE,TRUE,[],{},FALSE,"[""NEW_CAR"", ""USED_CAR"", ""MIXED"", ""SERVICE_ONLY"", ""MOTORCYCLE""]",,226
3110,31,L3_MOEA,3,3,31,3110,,,普通股股本,,EQUITY,GENERAL,NORMAL,3110,普通股股本,FALSE,C,TRUE,TRUE,[],{},FALSE,"[""NEW_CAR"", ""USED_CAR"", ""MIXED"", ""SERVICE_ONLY"", ""MOTORCYCLE""]",MOEA 3110,227
31101,3110,L4_PARENT,4,3,31,3110,31101,,普通股股本,,EQUITY,GENERAL,NORMAL,3110,普通股股本,FALSE,C,TRUE,FALSE,[],{},FALSE,"[""NEW_CAR"", ""USED_CAR"", ""MIXED"", ""SERVICE_ONLY"", ""MOTORCYCLE""]",,228
3110101,31101,L5_DETAIL,5,3,31,3110,31101,3110101,普通股股本,,EQUITY,GENERAL,NORMAL,3110,普通股股本,TRUE,C,TRUE,FALSE,[],{},FALSE,"[""NEW_CAR"", ""USED_CAR"", ""MIXED"", ""SERVICE_ONLY"", ""MOTORCYCLE""]",,229
32,3,L2_SUBCATEGORY,2,3,32,,,,資本公積,,EQUITY,GENERAL,NORMAL,,,FALSE,C,TRUE,TRUE,[],{},FALSE,"[""NEW_CAR"", ""USED_CAR"", ""MIXED"", ""SERVICE_ONLY"", ""MOTORCYCLE""]",,230
3200,32,L3_MOEA,3,3,32,3200,,,資本公積,,EQUITY,GENERAL,NORMAL,3200,資本公積,FALSE,C,TRUE,TRUE,[],{},FALSE,"[""NEW_CAR"", ""USED_CAR"", ""MIXED"", ""SERVICE_ONLY"", ""MOTORCYCLE""]",MOEA 3200,231
32001,3200,L4_PARENT,4,3,32,3200,32001,,資本公積,,EQUITY,GENERAL,NORMAL,3200,資本公積,FALSE,C,TRUE,FALSE,[],{},FALSE,"[""NEW_CAR"", ""USED_CAR"", ""MIXED"", ""SERVICE_ONLY"", ""MOTORCYCLE""]",,232
3200101,32001,L5_DETAIL,5,3,32,3200,32001,3200101,資本公積－股票溢價,,EQUITY,GENERAL,NORMAL,3200,資本公積,TRUE,C,TRUE,FALSE,[],{},FALSE,"[""NEW_CAR"", ""USED_CAR"", ""MIXED"", ""SERVICE_ONLY"", ""MOTORCYCLE""]",,233
33,3,L2_SUBCATEGORY,2,3,33,,,,保留盈餘,,EQUITY,GENERAL,NORMAL,,,FALSE,C,TRUE,TRUE,[],{},FALSE,"[""NEW_CAR"", ""USED_CAR"", ""MIXED"", ""SERVICE_ONLY"", ""MOTORCYCLE""]",,234
3310,33,L3_MOEA,3,3,33,3310,,,法定盈餘公積,,EQUITY,GENERAL,NORMAL,3310,法定盈餘公積,FALSE,C,TRUE,TRUE,[],{},FALSE,"[""NEW_CAR"", ""USED_CAR"", ""MIXED"", ""SERVICE_ONLY"", ""MOTORCYCLE""]",MOEA 3310,235
33101,3310,L4_PARENT,4,3,33,3310,33101,,法定盈餘公積,,EQUITY,GENERAL,NORMAL,3310,法定盈餘公積,FALSE,C,TRUE,FALSE,[],{},FALSE,"[""NEW_CAR"", ""USED_CAR"", ""MIXED"", ""SERVICE_ONLY"", ""MOTORCYCLE""]",,236
3310101,33101,L5_DETAIL,5,3,33,3310,33101,3310101,法定盈餘公積,,EQUITY,GENERAL,NORMAL,3310,法定盈餘公積,TRUE,C,TRUE,FALSE,[],{},FALSE,"[""NEW_CAR"", ""USED_CAR"", ""MIXED"", ""SERVICE_ONLY"", ""MOTORCYCLE""]",,237
3320,33,L3_MOEA,3,3,33,3320,,,特別盈餘公積,,EQUITY,GENERAL,NORMAL,3320,特別盈餘公積,FALSE,C,FALSE,TRUE,[],{},FALSE,"[""MIXED""]",MOEA 3320,238
33201,3320,L4_PARENT,4,3,33,3320,33201,,特別盈餘公積,,EQUITY,GENERAL,NORMAL,3320,特別盈餘公積,FALSE,C,FALSE,FALSE,[],{},FALSE,"[""MIXED""]",,239
3320101,33201,L5_DETAIL,5,3,33,3320,33201,3320101,特別盈餘公積,,EQUITY,GENERAL,NORMAL,3320,特別盈餘公積,TRUE,C,FALSE,FALSE,[],{},FALSE,"[""MIXED""]",,240
3350,33,L3_MOEA,3,3,33,3350,,,未分配盈餘,,EQUITY,GENERAL,NORMAL,3350,未分配盈餘,FALSE,C,TRUE,TRUE,[],{},FALSE,"[""NEW_CAR"", ""USED_CAR"", ""MIXED"", ""SERVICE_ONLY"", ""MOTORCYCLE""]",MOEA 3350,241
33501,3350,L4_PARENT,4,3,33,3350,33501,,未分配盈餘,,EQUITY,GENERAL,NORMAL,3350,未分配盈餘,FALSE,C,TRUE,FALSE,[],{},FALSE,"[""NEW_CAR"", ""USED_CAR"", ""MIXED"", ""SERVICE_ONLY"", ""MOTORCYCLE""]",,242
3350101,33501,L5_DETAIL,5,3,33,3350,33501,3350101,累積盈虧,,EQUITY,GENERAL,NORMAL,3350,未分配盈餘,TRUE,C,TRUE,FALSE,[],{},FALSE,"[""NEW_CAR"", ""USED_CAR"", ""MIXED"", ""SERVICE_ONLY"", ""MOTORCYCLE""]",,243
3350102,33501,L5_DETAIL,5,3,33,3350,33501,3350102,本期淨利,,EQUITY,GENERAL,NORMAL,3350,未分配盈餘,TRUE,C,TRUE,FALSE,[],{},FALSE,"[""NEW_CAR"", ""USED_CAR"", ""MIXED"", ""SERVICE_ONLY"", ""MOTORCYCLE""]",,244
4,,L1_CATEGORY,1,4,,,,,營業收入,,REVENUE,GENERAL,NORMAL,,,FALSE,C,TRUE,TRUE,[],{},FALSE,"[""NEW_CAR"", ""USED_CAR"", ""MIXED"", ""SERVICE_ONLY"", ""MOTORCYCLE""]",L1：收入類,245
41,4,L2_SUBCATEGORY,2,4,41,,,,銷貨收入,,REVENUE,GENERAL,NORMAL,,,FALSE,C,TRUE,TRUE,[],{},FALSE,"[""NEW_CAR"", ""USED_CAR"", ""MIXED"", ""SERVICE_ONLY"", ""MOTORCYCLE""]",,246
4100,41,L3_MOEA,3,4,41,4100,,,銷貨收入,,REVENUE,GENERAL,VAT_OUTPUT,4100,銷貨收入,FALSE,C,TRUE,TRUE,[],{},FALSE,"[""NEW_CAR"", ""USED_CAR"", ""MIXED"", ""SERVICE_ONLY"", ""MOTORCYCLE""]",MOEA 4100,247
41001,4100,L4_PARENT,4,4,41,4100,41001,,銷貨收入－車輛,,REVENUE,VEHICLE_SALES,VAT_OUTPUT,4100,銷貨收入,FALSE,C,TRUE,FALSE,[],"{""kpi_role"": ""primary_revenue"", ""profit_attribution"": ""vehicle_margin"", ""benchmarkable"": true}",FALSE,"[""NEW_CAR"", ""USED_CAR"", ""MIXED"", ""MOTORCYCLE""]",母科：依車型分,248
4100101,41001,L5_DETAIL,5,4,41,4100,41001,4100101,銷貨收入－新車（國產）,,REVENUE,VEHICLE_SALES,VAT_OUTPUT,4100,銷貨收入,TRUE,C,TRUE,FALSE,"[""VEHICLE"", ""SALESPERSON"", ""STORE""]","{""kpi_role"": ""primary_revenue"", ""profit_attribution"": ""vehicle_margin"", ""benchmarkable"": true}",TRUE,"[""NEW_CAR"", ""USED_CAR"", ""MIXED"", ""MOTORCYCLE""]",,249
4100102,41001,L5_DETAIL,5,4,41,4100,41001,4100102,銷貨收入－新車（進口）,,REVENUE,VEHICLE_SALES,VAT_OUTPUT,4100,銷貨收入,TRUE,C,TRUE,FALSE,"[""VEHICLE"", ""SALESPERSON"", ""STORE""]","{""kpi_role"": ""primary_revenue"", ""profit_attribution"": ""vehicle_margin"", ""benchmarkable"": true}",TRUE,"[""NEW_CAR"", ""USED_CAR"", ""MIXED"", ""MOTORCYCLE""]",,250
4100103,41001,L5_DETAIL,5,4,41,4100,41001,4100103,銷貨收入－中古車（自有）,,REVENUE,VEHICLE_SALES,VAT_OUTPUT,4100,銷貨收入,TRUE,C,TRUE,FALSE,"[""VEHICLE"", ""SALESPERSON""]","{""kpi_role"": ""primary_revenue"", ""profit_attribution"": ""vehicle_margin"", ""benchmarkable"": true}",TRUE,"[""NEW_CAR"", ""USED_CAR"", ""MIXED"", ""MOTORCYCLE""]",,251
4100104,41001,L5_DETAIL,5,4,41,4100,41001,4100104,銷貨收入－中古車寄售佣金,,REVENUE,VEHICLE_SALES,VAT_OUTPUT,4100,銷貨收入,TRUE,C,TRUE,FALSE,"[""VEHICLE"", ""OWNER""]","{""kpi_role"": ""primary_revenue"", ""profit_attribution"": ""vehicle_margin"", ""benchmarkable"": true}",TRUE,"[""NEW_CAR"", ""USED_CAR"", ""MIXED"", ""MOTORCYCLE""]",寄售只認佣金（淨額法）,252
4100105,41001,L5_DETAIL,5,4,41,4100,41001,4100105,銷貨收入－試乘車轉售,,REVENUE,VEHICLE_INV,VAT_OUTPUT,4100,銷貨收入,TRUE,C,TRUE,FALSE,"[""VEHICLE"", ""VIN""]","{""benchmarkable"": true}",TRUE,"[""NEW_CAR"", ""USED_CAR"", ""MIXED"", ""MOTORCYCLE""]",,253
41002,4100,L4_PARENT,4,4,41,4100,41002,,銷貨收入－零件配件,,REVENUE,PARTS,VAT_OUTPUT,4100,銷貨收入,FALSE,C,TRUE,FALSE,[],"{""kpi_role"": ""parts_revenue"", ""profit_attribution"": ""parts_margin"", ""benchmarkable"": true}",FALSE,"[""NEW_CAR"", ""MIXED"", ""SERVICE_ONLY"", ""MOTORCYCLE""]",,254
4100201,41002,L5_DETAIL,5,4,41,4100,41002,4100201,銷貨收入－原廠零件,,REVENUE,PARTS,VAT_OUTPUT,4100,銷貨收入,TRUE,C,TRUE,FALSE,"[""PART_SKU""]","{""kpi_role"": ""parts_revenue"", ""profit_attribution"": ""parts_margin"", ""benchmarkable"": true}",TRUE,"[""NEW_CAR"", ""MIXED"", ""SERVICE_ONLY"", ""MOTORCYCLE""]",,255
4100202,41002,L5_DETAIL,5,4,41,4100,41002,4100202,銷貨收入－副廠零件,,REVENUE,PARTS,VAT_OUTPUT,4100,銷貨收入,TRUE,C,TRUE,FALSE,"[""PART_SKU""]","{""kpi_role"": ""parts_revenue"", ""profit_attribution"": ""parts_margin"", ""benchmarkable"": true}",TRUE,"[""NEW_CAR"", ""MIXED"", ""SERVICE_ONLY"", ""MOTORCYCLE""]",,256
4100203,41002,L5_DETAIL,5,4,41,4100,41002,4100203,銷貨收入－精品配件,,REVENUE,PARTS,VAT_OUTPUT,4100,銷貨收入,TRUE,C,TRUE,FALSE,"[""PART_SKU""]","{""kpi_role"": ""parts_revenue"", ""profit_attribution"": ""parts_margin"", ""benchmarkable"": true}",TRUE,"[""NEW_CAR"", ""MIXED"", ""SERVICE_ONLY"", ""MOTORCYCLE""]",,257
4110,41,L3_MOEA,3,4,41,4110,,,銷貨退回,,REVENUE,GENERAL,VAT_OUTPUT,4110,銷貨退回,FALSE,D,TRUE,TRUE,[],{},FALSE,"[""NEW_CAR"", ""USED_CAR"", ""MIXED"", ""SERVICE_ONLY"", ""MOTORCYCLE""]",MOEA 4110，減項,258
41101,4110,L4_PARENT,4,4,41,4110,41101,,銷貨退回,,REVENUE,GENERAL,VAT_OUTPUT,4110,銷貨退回,FALSE,D,TRUE,FALSE,[],{},FALSE,"[""NEW_CAR"", ""USED_CAR"", ""MIXED"", ""SERVICE_ONLY"", ""MOTORCYCLE""]",,259
4110101,41101,L5_DETAIL,5,4,41,4110,41101,4110101,銷貨退回－車輛,,REVENUE,VEHICLE_SALES,VAT_OUTPUT,4110,銷貨退回,TRUE,D,TRUE,FALSE,"[""VEHICLE"", ""VIN""]","{""kpi_role"": ""primary_revenue"", ""profit_attribution"": ""vehicle_margin"", ""benchmarkable"": true}",TRUE,"[""NEW_CAR"", ""USED_CAR"", ""MIXED"", ""MOTORCYCLE""]",,260
4110102,41101,L5_DETAIL,5,4,41,4110,41101,4110102,銷貨退回－零件,,REVENUE,PARTS,VAT_OUTPUT,4110,銷貨退回,TRUE,D,TRUE,FALSE,"[""PART_SKU""]","{""kpi_role"": ""parts_revenue"", ""profit_attribution"": ""parts_margin"", ""benchmarkable"": true}",TRUE,"[""NEW_CAR"", ""MIXED"", ""SERVICE_ONLY"", ""MOTORCYCLE""]",,261
4120,41,L3_MOEA,3,4,41,4120,,,銷貨折讓,,REVENUE,GENERAL,VAT_OUTPUT,4120,銷貨折讓,FALSE,D,TRUE,TRUE,[],{},FALSE,"[""NEW_CAR"", ""USED_CAR"", ""MIXED"", ""SERVICE_ONLY"", ""MOTORCYCLE""]",MOEA 4120，減項,262
41201,4120,L4_PARENT,4,4,41,4120,41201,,銷貨折讓,,REVENUE,GENERAL,VAT_OUTPUT,4120,銷貨折讓,FALSE,D,TRUE,FALSE,[],{},FALSE,"[""NEW_CAR"", ""USED_CAR"", ""MIXED"", ""SERVICE_ONLY"", ""MOTORCYCLE""]",,263
4120101,41201,L5_DETAIL,5,4,41,4120,41201,4120101,銷貨折讓－車輛,,REVENUE,VEHICLE_SALES,VAT_OUTPUT,4120,銷貨折讓,TRUE,D,TRUE,FALSE,"[""VEHICLE"", ""CAMPAIGN""]","{""kpi_role"": ""primary_revenue"", ""profit_attribution"": ""vehicle_margin"", ""benchmarkable"": true}",TRUE,"[""NEW_CAR"", ""USED_CAR"", ""MIXED"", ""MOTORCYCLE""]",,264
4120102,41201,L5_DETAIL,5,4,41,4120,41201,4120102,銷貨折讓－零件,,REVENUE,PARTS,VAT_OUTPUT,4120,銷貨折讓,TRUE,D,TRUE,FALSE,"[""PART_SKU""]","{""kpi_role"": ""parts_revenue"", ""profit_attribution"": ""parts_margin"", ""benchmarkable"": true}",TRUE,"[""NEW_CAR"", ""MIXED"", ""SERVICE_ONLY"", ""MOTORCYCLE""]",,265
4130,41,L3_MOEA,3,4,41,4130,,,勞務收入,,REVENUE,GENERAL,VAT_OUTPUT,4130,勞務收入,FALSE,C,TRUE,TRUE,[],{},FALSE,"[""NEW_CAR"", ""USED_CAR"", ""MIXED"", ""SERVICE_ONLY"", ""MOTORCYCLE""]",MOEA 4130,266
41301,4130,L4_PARENT,4,4,41,4130,41301,,勞務收入－維修,,REVENUE,SERVICE,VAT_OUTPUT,4130,勞務收入,FALSE,C,TRUE,FALSE,[],"{""kpi_role"": ""service_revenue"", ""profit_attribution"": ""service_margin"", ""benchmarkable"": true}",FALSE,"[""NEW_CAR"", ""USED_CAR"", ""MIXED"", ""SERVICE_ONLY"", ""MOTORCYCLE""]",,267
4130101,41301,L5_DETAIL,5,4,41,4130,41301,4130101,勞務收入－維修工資,,REVENUE,SERVICE,VAT_OUTPUT,4130,勞務收入,TRUE,C,TRUE,FALSE,"[""RO"", ""TECHNICIAN"", ""STORE""]","{""kpi_role"": ""service_revenue"", ""profit_attribution"": ""service_margin"", ""benchmarkable"": true}",TRUE,"[""NEW_CAR"", ""USED_CAR"", ""MIXED"", ""SERVICE_ONLY"", ""MOTORCYCLE""]",,268
4130102,41301,L5_DETAIL,5,4,41,4130,41301,4130102,勞務收入－保養工資,,REVENUE,SERVICE,VAT_OUTPUT,4130,勞務收入,TRUE,C,TRUE,FALSE,"[""RO"", ""TECHNICIAN"", ""STORE""]","{""kpi_role"": ""service_revenue"", ""profit_attribution"": ""service_margin"", ""benchmarkable"": true}",TRUE,"[""NEW_CAR"", ""USED_CAR"", ""MIXED"", ""SERVICE_ONLY"", ""MOTORCYCLE""]",,269
4130103,41301,L5_DETAIL,5,4,41,4130,41301,4130103,勞務收入－鈑噴工資,,REVENUE,SERVICE,VAT_OUTPUT,4130,勞務收入,TRUE,C,TRUE,FALSE,"[""RO"", ""TECHNICIAN""]","{""kpi_role"": ""service_revenue"", ""profit_attribution"": ""service_margin"", ""benchmarkable"": true}",TRUE,"[""NEW_CAR"", ""USED_CAR"", ""MIXED"", ""SERVICE_ONLY"", ""MOTORCYCLE""]",,270
4130104,41301,L5_DETAIL,5,4,41,4130,41301,4130104,勞務收入－外包代工,,REVENUE,SERVICE,VAT_OUTPUT,4130,勞務收入,TRUE,C,TRUE,FALSE,"[""VENDOR"", ""RO""]","{""kpi_role"": ""service_revenue"", ""profit_attribution"": ""service_margin"", ""benchmarkable"": true}",TRUE,"[""NEW_CAR"", ""USED_CAR"", ""MIXED"", ""SERVICE_ONLY"", ""MOTORCYCLE""]",,271
4130105,41301,L5_DETAIL,5,4,41,4130,41301,4130105,勞務收入－原廠回廠工資,,REVENUE,SERVICE,VAT_OUTPUT,4130,勞務收入,TRUE,C,TRUE,FALSE,"[""DEALER"", ""RO""]","{""kpi_role"": ""service_revenue"", ""profit_attribution"": ""service_margin"", ""benchmarkable"": true}",TRUE,"[""NEW_CAR"", ""USED_CAR"", ""MIXED"", ""SERVICE_ONLY"", ""MOTORCYCLE""]",原廠保固工資請款,272
41302,4130,L4_PARENT,4,4,41,4130,41302,,勞務收入－代辦,,REVENUE,VEHICLE_SALES,VAT_OUTPUT,4130,勞務收入,FALSE,C,TRUE,FALSE,[],"{""kpi_role"": ""primary_revenue"", ""profit_attribution"": ""vehicle_margin"", ""benchmarkable"": true}",FALSE,"[""NEW_CAR"", ""USED_CAR"", ""MIXED"", ""MOTORCYCLE""]",,273
4130201,41302,L5_DETAIL,5,4,41,4130,41302,4130201,勞務收入－監理代辦,,REVENUE,VEHICLE_SALES,VAT_OUTPUT,4130,勞務收入,TRUE,C,TRUE,FALSE,"[""CASE""]","{""kpi_role"": ""primary_revenue"", ""profit_attribution"": ""vehicle_margin"", ""benchmarkable"": true}",TRUE,"[""NEW_CAR"", ""USED_CAR"", ""MIXED"", ""MOTORCYCLE""]",驗車/過戶代辦服務費,274
4140,41,L3_MOEA,3,4,41,4140,,,其他營業收入,,REVENUE,GENERAL,VAT_OUTPUT,4140,其他營業收入,FALSE,C,TRUE,TRUE,[],{},FALSE,"[""NEW_CAR"", ""USED_CAR"", ""MIXED"", ""SERVICE_ONLY"", ""MOTORCYCLE""]",MOEA 4140,275
41401,4140,L4_PARENT,4,4,41,4140,41401,,佣金收入,,REVENUE,VEHICLE_SALES,VAT_OUTPUT,4140,其他營業收入,FALSE,C,TRUE,FALSE,[],"{""kpi_role"": ""primary_revenue"", ""profit_attribution"": ""vehicle_margin"", ""benchmarkable"": true}",FALSE,"[""NEW_CAR"", ""USED_CAR"", ""MIXED"", ""MOTORCYCLE""]",母科：仲介佣金,276
4140101,41401,L5_DETAIL,5,4,41,4140,41401,4140101,佣金收入－保險,,REVENUE,VEHICLE_SALES,VAT_OUTPUT,4140,其他營業收入,TRUE,C,TRUE,FALSE,"[""INSURER"", ""CASE""]","{""kpi_role"": ""primary_revenue"", ""profit_attribution"": ""vehicle_margin"", ""benchmarkable"": true}",TRUE,"[""NEW_CAR"", ""USED_CAR"", ""MIXED"", ""MOTORCYCLE""]",代售保險佣金,277
4140102,41401,L5_DETAIL,5,4,41,4140,41401,4140102,佣金收入－分期/貸款,,REVENUE,VEHICLE_SALES,VAT_OUTPUT,4140,其他營業收入,TRUE,C,TRUE,FALSE,"[""FINANCIER"", ""CASE""]","{""kpi_role"": ""primary_revenue"", ""profit_attribution"": ""vehicle_margin"", ""benchmarkable"": true}",TRUE,"[""NEW_CAR"", ""USED_CAR"", ""MIXED"", ""MOTORCYCLE""]",介紹貸款佣金,278
4140103,41401,L5_DETAIL,5,4,41,4140,41401,4140103,佣金收入－車美仕/精品介紹,,REVENUE,VEHICLE_SALES,VAT_OUTPUT,4140,其他營業收入,TRUE,C,FALSE,FALSE,"[""VENDOR""]","{""kpi_role"": ""primary_revenue"", ""profit_attribution"": ""vehicle_margin"", ""benchmarkable"": true}",TRUE,"[""MIXED""]",,279
41402,4140,L4_PARENT,4,4,41,4140,41402,,獎勵金收入,,REVENUE,VEHICLE_SALES,VAT_OUTPUT,4140,其他營業收入,FALSE,C,TRUE,FALSE,[],"{""kpi_role"": ""primary_revenue"", ""profit_attribution"": ""vehicle_margin"", ""benchmarkable"": true}",FALSE,"[""NEW_CAR"", ""USED_CAR"", ""MIXED"", ""MOTORCYCLE""]",★ 重要：原廠/總代理補貼,280
4140201,41402,L5_DETAIL,5,4,41,4140,41402,4140201,獎勵金－總代理達標,,REVENUE,VEHICLE_SALES,VAT_OUTPUT,4140,其他營業收入,TRUE,C,TRUE,FALSE,"[""DEALER"", ""QUARTER""]","{""kpi_role"": ""primary_revenue"", ""profit_attribution"": ""vehicle_margin"", ""benchmarkable"": true}",TRUE,"[""NEW_CAR"", ""USED_CAR"", ""MIXED"", ""MOTORCYCLE""]",銷售達標獎勵,281
4140202,41402,L5_DETAIL,5,4,41,4140,41402,4140202,獎勵金－原廠促銷補貼,,REVENUE,VEHICLE_SALES,VAT_OUTPUT,4140,其他營業收入,TRUE,C,TRUE,FALSE,"[""DEALER"", ""CAMPAIGN""]","{""kpi_role"": ""primary_revenue"", ""profit_attribution"": ""vehicle_margin"", ""benchmarkable"": true}",TRUE,"[""NEW_CAR"", ""USED_CAR"", ""MIXED"", ""MOTORCYCLE""]",促銷案補貼,282
4140203,41402,L5_DETAIL,5,4,41,4140,41402,4140203,獎勵金－CSI/QC 評鑑,,REVENUE,SERVICE,VAT_OUTPUT,4140,其他營業收入,TRUE,C,FALSE,FALSE,"[""DEALER""]","{""kpi_role"": ""service_revenue"", ""profit_attribution"": ""service_margin"", ""benchmarkable"": true}",TRUE,"[""MIXED""]",服務品質評鑑獎金,283
41403,4140,L4_PARENT,4,4,41,4140,41403,,租賃收入,,REVENUE,GENERAL,VAT_OUTPUT,4140,其他營業收入,FALSE,C,TRUE,FALSE,[],{},FALSE,"[""NEW_CAR"", ""USED_CAR"", ""MIXED"", ""SERVICE_ONLY"", ""MOTORCYCLE""]",,284
4140301,41403,L5_DETAIL,5,4,41,4140,41403,4140301,租賃收入－試乘車,,REVENUE,VEHICLE_INV,VAT_OUTPUT,4140,其他營業收入,TRUE,C,TRUE,FALSE,"[""VEHICLE""]","{""benchmarkable"": true}",TRUE,"[""NEW_CAR"", ""USED_CAR"", ""MIXED"", ""MOTORCYCLE""]",,285
4140302,41403,L5_DETAIL,5,4,41,4140,41403,4140302,租賃收入－場地分租,,REVENUE,GENERAL,VAT_OUTPUT,4140,其他營業收入,TRUE,C,FALSE,FALSE,"[""LOCATION""]",{},FALSE,"[""MIXED""]",,286
5,,L1_CATEGORY,1,5,,,,,營業成本,,COGS,GENERAL,NORMAL,,,FALSE,D,TRUE,TRUE,[],{},FALSE,"[""NEW_CAR"", ""USED_CAR"", ""MIXED"", ""SERVICE_ONLY"", ""MOTORCYCLE""]",L1：成本類,287
51,5,L2_SUBCATEGORY,2,5,51,,,,銷貨成本,,COGS,GENERAL,NORMAL,,,FALSE,D,TRUE,TRUE,[],{},FALSE,"[""NEW_CAR"", ""USED_CAR"", ""MIXED"", ""SERVICE_ONLY"", ""MOTORCYCLE""]",,288
5100,51,L3_MOEA,3,5,51,5100,,,銷貨成本,,COGS,GENERAL,NORMAL,5100,銷貨成本,FALSE,D,TRUE,TRUE,[],{},FALSE,"[""NEW_CAR"", ""USED_CAR"", ""MIXED"", ""SERVICE_ONLY"", ""MOTORCYCLE""]",MOEA 5100,289
51001,5100,L4_PARENT,4,5,51,5100,51001,,銷貨成本－車輛,,COGS,VEHICLE_SALES,NORMAL,5100,銷貨成本,FALSE,D,TRUE,FALSE,[],"{""kpi_role"": ""vehicle_cogs"", ""profit_attribution"": ""vehicle_margin"", ""benchmarkable"": true}",FALSE,"[""NEW_CAR"", ""USED_CAR"", ""MIXED"", ""MOTORCYCLE""]",,290
5100101,51001,L5_DETAIL,5,5,51,5100,51001,5100101,銷貨成本－新車（國產）,,COGS,VEHICLE_SALES,NORMAL,5100,銷貨成本,TRUE,D,TRUE,FALSE,"[""VEHICLE"", ""VIN""]","{""kpi_role"": ""vehicle_cogs"", ""profit_attribution"": ""vehicle_margin"", ""benchmarkable"": true}",TRUE,"[""NEW_CAR"", ""USED_CAR"", ""MIXED"", ""MOTORCYCLE""]",,291
5100102,51001,L5_DETAIL,5,5,51,5100,51001,5100102,銷貨成本－新車（進口）,,COGS,VEHICLE_SALES,NORMAL,5100,銷貨成本,TRUE,D,TRUE,FALSE,"[""VEHICLE"", ""VIN""]","{""kpi_role"": ""vehicle_cogs"", ""profit_attribution"": ""vehicle_margin"", ""benchmarkable"": true}",TRUE,"[""NEW_CAR"", ""USED_CAR"", ""MIXED"", ""MOTORCYCLE""]",,292
5100103,51001,L5_DETAIL,5,5,51,5100,51001,5100103,銷貨成本－中古車,,COGS,VEHICLE_SALES,NORMAL,5100,銷貨成本,TRUE,D,TRUE,FALSE,"[""VEHICLE"", ""VIN""]","{""kpi_role"": ""vehicle_cogs"", ""profit_attribution"": ""vehicle_margin"", ""benchmarkable"": true}",TRUE,"[""NEW_CAR"", ""USED_CAR"", ""MIXED"", ""MOTORCYCLE""]",,293
5100104,51001,L5_DETAIL,5,5,51,5100,51001,5100104,中古車整備成本,,COGS,VEHICLE_SALES,NORMAL,5100,銷貨成本,TRUE,D,TRUE,FALSE,"[""VEHICLE"", ""VIN""]","{""kpi_role"": ""vehicle_cogs"", ""profit_attribution"": ""vehicle_margin"", ""benchmarkable"": true}",TRUE,"[""NEW_CAR"", ""USED_CAR"", ""MIXED"", ""MOTORCYCLE""]",翻修/檢驗成本,294
51002,5100,L4_PARENT,4,5,51,5100,51002,,銷貨成本－零件配件,,COGS,PARTS,NORMAL,5100,銷貨成本,FALSE,D,TRUE,FALSE,[],"{""profit_attribution"": ""parts_margin"", ""benchmarkable"": true}",FALSE,"[""NEW_CAR"", ""MIXED"", ""SERVICE_ONLY"", ""MOTORCYCLE""]",,295
5100201,51002,L5_DETAIL,5,5,51,5100,51002,5100201,銷貨成本－原廠零件,,COGS,PARTS,NORMAL,5100,銷貨成本,TRUE,D,TRUE,FALSE,"[""PART_SKU""]","{""profit_attribution"": ""parts_margin"", ""benchmarkable"": true}",TRUE,"[""NEW_CAR"", ""MIXED"", ""SERVICE_ONLY"", ""MOTORCYCLE""]",,296
5100202,51002,L5_DETAIL,5,5,51,5100,51002,5100202,銷貨成本－副廠零件,,COGS,PARTS,NORMAL,5100,銷貨成本,TRUE,D,TRUE,FALSE,"[""PART_SKU""]","{""profit_attribution"": ""parts_margin"", ""benchmarkable"": true}",TRUE,"[""NEW_CAR"", ""MIXED"", ""SERVICE_ONLY"", ""MOTORCYCLE""]",,297
5100203,51002,L5_DETAIL,5,5,51,5100,51002,5100203,銷貨成本－精品配件,,COGS,PARTS,NORMAL,5100,銷貨成本,TRUE,D,TRUE,FALSE,"[""PART_SKU""]","{""profit_attribution"": ""parts_margin"", ""benchmarkable"": true}",TRUE,"[""NEW_CAR"", ""MIXED"", ""SERVICE_ONLY"", ""MOTORCYCLE""]",,298
51003,5100,L4_PARENT,4,5,51,5100,51003,,存貨損失,,COGS,VEHICLE_INV,NORMAL,5100,銷貨成本,FALSE,D,TRUE,FALSE,[],"{""benchmarkable"": true}",FALSE,"[""NEW_CAR"", ""USED_CAR"", ""MIXED"", ""MOTORCYCLE""]",,299
5100301,51003,L5_DETAIL,5,5,51,5100,51003,5100301,存貨跌價損失－車輛,,COGS,VEHICLE_INV,NORMAL,5100,銷貨成本,TRUE,D,TRUE,FALSE,"[""VEHICLE"", ""VIN""]","{""benchmarkable"": true}",TRUE,"[""NEW_CAR"", ""USED_CAR"", ""MIXED"", ""MOTORCYCLE""]",,300
5100302,51003,L5_DETAIL,5,5,51,5100,51003,5100302,存貨跌價損失－零件,,COGS,PARTS,NORMAL,5100,銷貨成本,TRUE,D,TRUE,FALSE,"[""PART_SKU""]","{""profit_attribution"": ""parts_margin"", ""benchmarkable"": true}",TRUE,"[""NEW_CAR"", ""MIXED"", ""SERVICE_ONLY"", ""MOTORCYCLE""]",,301
5100303,51003,L5_DETAIL,5,5,51,5100,51003,5100303,存貨盤盈虧,,COGS,GENERAL,NORMAL,5100,銷貨成本,TRUE,D,TRUE,FALSE,[],{},FALSE,"[""NEW_CAR"", ""USED_CAR"", ""MIXED"", ""SERVICE_ONLY"", ""MOTORCYCLE""]",,302
5180,51,L3_MOEA,3,5,51,5180,,,勞務成本,,COGS,SERVICE,NORMAL,5180,勞務成本,FALSE,D,TRUE,TRUE,[],"{""kpi_role"": ""service_cogs"", ""profit_attribution"": ""service_margin"", ""benchmarkable"": true}",FALSE,"[""NEW_CAR"", ""USED_CAR"", ""MIXED"", ""SERVICE_ONLY"", ""MOTORCYCLE""]",MOEA 5180,303
51801,5180,L4_PARENT,4,5,51,5180,51801,,勞務成本,,COGS,SERVICE,NORMAL,5180,勞務成本,FALSE,D,TRUE,FALSE,[],"{""kpi_role"": ""service_cogs"", ""profit_attribution"": ""service_margin"", ""benchmarkable"": true}",FALSE,"[""NEW_CAR"", ""USED_CAR"", ""MIXED"", ""SERVICE_ONLY"", ""MOTORCYCLE""]",,304
5180101,51801,L5_DETAIL,5,5,51,5180,51801,5180101,勞務成本－技師薪資,,COGS,SERVICE,NORMAL,5180,勞務成本,TRUE,D,TRUE,FALSE,"[""STORE"", ""TECHNICIAN""]","{""kpi_role"": ""service_cogs"", ""profit_attribution"": ""service_margin"", ""benchmarkable"": true}",TRUE,"[""NEW_CAR"", ""USED_CAR"", ""MIXED"", ""SERVICE_ONLY"", ""MOTORCYCLE""]",直接歸屬技師薪資,305
5180102,51801,L5_DETAIL,5,5,51,5180,51801,5180102,勞務成本－外包工資,,COGS,SERVICE,NORMAL,5180,勞務成本,TRUE,D,TRUE,FALSE,"[""VENDOR"", ""RO""]","{""kpi_role"": ""service_cogs"", ""profit_attribution"": ""service_margin"", ""benchmarkable"": true}",TRUE,"[""NEW_CAR"", ""USED_CAR"", ""MIXED"", ""SERVICE_ONLY"", ""MOTORCYCLE""]",,306
5180103,51801,L5_DETAIL,5,5,51,5180,51801,5180103,勞務成本－維修耗材,,COGS,SERVICE,NORMAL,5180,勞務成本,TRUE,D,TRUE,FALSE,"[""STORE""]","{""kpi_role"": ""service_cogs"", ""profit_attribution"": ""service_margin"", ""benchmarkable"": true}",TRUE,"[""NEW_CAR"", ""USED_CAR"", ""MIXED"", ""SERVICE_ONLY"", ""MOTORCYCLE""]",工作耗用油料/物料,307
5180104,51801,L5_DETAIL,5,5,51,5180,51801,5180104,勞務成本－設備折舊,,COGS,SERVICE,NORMAL,5180,勞務成本,TRUE,D,TRUE,FALSE,"[""STORE""]","{""kpi_role"": ""service_cogs"", ""profit_attribution"": ""service_margin"", ""benchmarkable"": true}",TRUE,"[""NEW_CAR"", ""USED_CAR"", ""MIXED"", ""SERVICE_ONLY"", ""MOTORCYCLE""]",維修廠設備折舊,308
5180105,51801,L5_DETAIL,5,5,51,5180,51801,5180105,勞務成本－廠房折舊/租金,,COGS,SERVICE,NORMAL,5180,勞務成本,TRUE,D,TRUE,FALSE,"[""STORE""]","{""kpi_role"": ""service_cogs"", ""profit_attribution"": ""service_margin"", ""benchmarkable"": true}",TRUE,"[""NEW_CAR"", ""USED_CAR"", ""MIXED"", ""SERVICE_ONLY"", ""MOTORCYCLE""]",,309
5180106,51801,L5_DETAIL,5,5,51,5180,51801,5180106,勞務成本－水電,,COGS,SERVICE,NORMAL,5180,勞務成本,TRUE,D,TRUE,FALSE,"[""STORE""]","{""kpi_role"": ""service_cogs"", ""profit_attribution"": ""service_margin"", ""benchmarkable"": true}",TRUE,"[""NEW_CAR"", ""USED_CAR"", ""MIXED"", ""SERVICE_ONLY"", ""MOTORCYCLE""]",維修廠用水電,310
6,,L1_CATEGORY,1,6,,,,,營業費用,,EXPENSE,GENERAL,NORMAL,,,FALSE,D,TRUE,TRUE,[],{},FALSE,"[""NEW_CAR"", ""USED_CAR"", ""MIXED"", ""SERVICE_ONLY"", ""MOTORCYCLE""]",L1：費用類,311
61,6,L2_SUBCATEGORY,2,6,61,,,,推銷費用,,EXPENSE,GENERAL,NORMAL,,,FALSE,D,TRUE,TRUE,[],{},FALSE,"[""NEW_CAR"", ""USED_CAR"", ""MIXED"", ""SERVICE_ONLY"", ""MOTORCYCLE""]",,312
6100,61,L3_MOEA,3,6,61,6100,,,推銷費用,,EXPENSE,GENERAL,NORMAL,6100,推銷費用,FALSE,D,TRUE,TRUE,[],{},FALSE,"[""NEW_CAR"", ""USED_CAR"", ""MIXED"", ""SERVICE_ONLY"", ""MOTORCYCLE""]",MOEA 6100,313
61001,6100,L4_PARENT,4,6,61,6100,61001,,薪資及獎金－業務,,EXPENSE,VEHICLE_SALES,NORMAL,6100,推銷費用,FALSE,D,TRUE,FALSE,[],"{""profit_attribution"": ""vehicle_margin"", ""benchmarkable"": true}",FALSE,"[""NEW_CAR"", ""USED_CAR"", ""MIXED"", ""MOTORCYCLE""]",,314
6100101,61001,L5_DETAIL,5,6,61,6100,61001,6100101,業務薪資,,EXPENSE,VEHICLE_SALES,NORMAL,6100,推銷費用,TRUE,D,TRUE,FALSE,"[""SALESPERSON"", ""STORE""]","{""profit_attribution"": ""vehicle_margin"", ""benchmarkable"": true}",TRUE,"[""NEW_CAR"", ""USED_CAR"", ""MIXED"", ""MOTORCYCLE""]",,315
6100102,61001,L5_DETAIL,5,6,61,6100,61001,6100102,業務獎金,,EXPENSE,VEHICLE_SALES,NORMAL,6100,推銷費用,TRUE,D,TRUE,FALSE,"[""SALESPERSON"", ""STORE""]","{""profit_attribution"": ""vehicle_margin"", ""benchmarkable"": true}",TRUE,"[""NEW_CAR"", ""USED_CAR"", ""MIXED"", ""MOTORCYCLE""]",,316
61002,6100,L4_PARENT,4,6,61,6100,61002,,推廣行銷費,,EXPENSE,GENERAL,NORMAL,6100,推銷費用,FALSE,D,TRUE,FALSE,[],{},FALSE,"[""NEW_CAR"", ""USED_CAR"", ""MIXED"", ""SERVICE_ONLY"", ""MOTORCYCLE""]",,317
6100201,61002,L5_DETAIL,5,6,61,6100,61002,6100201,廣告費,,EXPENSE,GENERAL,NORMAL,6100,推銷費用,TRUE,D,TRUE,FALSE,"[""CAMPAIGN""]",{},FALSE,"[""NEW_CAR"", ""USED_CAR"", ""MIXED"", ""SERVICE_ONLY"", ""MOTORCYCLE""]",,318
6100202,61002,L5_DETAIL,5,6,61,6100,61002,6100202,促銷費－贈品/領牌禮,,EXPENSE,VEHICLE_SALES,NORMAL,6100,推銷費用,TRUE,D,TRUE,FALSE,"[""CAMPAIGN"", ""VEHICLE""]","{""profit_attribution"": ""vehicle_margin"", ""benchmarkable"": true}",TRUE,"[""NEW_CAR"", ""USED_CAR"", ""MIXED"", ""MOTORCYCLE""]",,319
6100203,61002,L5_DETAIL,5,6,61,6100,61002,6100203,客戶活動費,,EXPENSE,GENERAL,NORMAL,6100,推銷費用,TRUE,D,TRUE,FALSE,"[""STORE"", ""CAMPAIGN""]",{},FALSE,"[""NEW_CAR"", ""USED_CAR"", ""MIXED"", ""SERVICE_ONLY"", ""MOTORCYCLE""]",車主社群/答謝會,320
6100204,61002,L5_DETAIL,5,6,61,6100,61002,6100204,媒體公關費,,EXPENSE,GENERAL,NORMAL,6100,推銷費用,TRUE,D,FALSE,FALSE,"[""CAMPAIGN""]",{},FALSE,"[""MIXED""]",,321
61003,6100,L4_PARENT,4,6,61,6100,61003,,通路費,,EXPENSE,VEHICLE_SALES,NORMAL,6100,推銷費用,FALSE,D,TRUE,FALSE,[],"{""profit_attribution"": ""vehicle_margin"", ""benchmarkable"": true}",FALSE,"[""NEW_CAR"", ""USED_CAR"", ""MIXED"", ""MOTORCYCLE""]",,322
6100301,61003,L5_DETAIL,5,6,61,6100,61003,6100301,介紹費（個人）,,EXPENSE,VEHICLE_SALES,WITHHOLDING,6100,推銷費用,TRUE,D,TRUE,FALSE,"[""REFERRER""]","{""profit_attribution"": ""vehicle_margin"", ""benchmarkable"": true}",TRUE,"[""NEW_CAR"", ""USED_CAR"", ""MIXED"", ""MOTORCYCLE""]",需扣繳,323
6100302,61003,L5_DETAIL,5,6,61,6100,61003,6100302,推廣佣金（公司）,,EXPENSE,VEHICLE_SALES,NORMAL,6100,推銷費用,TRUE,D,FALSE,FALSE,"[""VENDOR""]","{""profit_attribution"": ""vehicle_margin"", ""benchmarkable"": true}",TRUE,"[""MIXED""]",,324
61004,6100,L4_PARENT,4,6,61,6100,61004,,展間/門市費用,,EXPENSE,GENERAL,NORMAL,6100,推銷費用,FALSE,D,TRUE,FALSE,[],{},FALSE,"[""NEW_CAR"", ""USED_CAR"", ""MIXED"", ""SERVICE_ONLY"", ""MOTORCYCLE""]",,325
6100401,61004,L5_DETAIL,5,6,61,6100,61004,6100401,展間水電瓦斯,,EXPENSE,GENERAL,NORMAL,6100,推銷費用,TRUE,D,TRUE,FALSE,"[""STORE""]",{},FALSE,"[""NEW_CAR"", ""USED_CAR"", ""MIXED"", ""SERVICE_ONLY"", ""MOTORCYCLE""]",,326
6100402,61004,L5_DETAIL,5,6,61,6100,61004,6100402,展間清潔費,,EXPENSE,GENERAL,NORMAL,6100,推銷費用,TRUE,D,TRUE,FALSE,"[""STORE""]",{},FALSE,"[""NEW_CAR"", ""USED_CAR"", ""MIXED"", ""SERVICE_ONLY"", ""MOTORCYCLE""]",,327
6100403,61004,L5_DETAIL,5,6,61,6100,61004,6100403,展間維護費,,EXPENSE,GENERAL,NORMAL,6100,推銷費用,TRUE,D,TRUE,FALSE,"[""STORE""]",{},FALSE,"[""NEW_CAR"", ""USED_CAR"", ""MIXED"", ""SERVICE_ONLY"", ""MOTORCYCLE""]",,328
61005,6100,L4_PARENT,4,6,61,6100,61005,,試乘車費用,,EXPENSE,VEHICLE_INV,NORMAL,6100,推銷費用,FALSE,D,TRUE,FALSE,[],"{""benchmarkable"": true}",FALSE,"[""NEW_CAR"", ""USED_CAR"", ""MIXED"", ""MOTORCYCLE""]",,329
6100501,61005,L5_DETAIL,5,6,61,6100,61005,6100501,試乘車－油料,,EXPENSE,VEHICLE_INV,NORMAL,6100,推銷費用,TRUE,D,TRUE,FALSE,"[""VEHICLE"", ""VIN""]","{""benchmarkable"": true}",TRUE,"[""NEW_CAR"", ""USED_CAR"", ""MIXED"", ""MOTORCYCLE""]",,330
6100502,61005,L5_DETAIL,5,6,61,6100,61005,6100502,試乘車－折舊,,EXPENSE,VEHICLE_INV,NORMAL,6100,推銷費用,TRUE,D,TRUE,FALSE,"[""VEHICLE"", ""VIN""]","{""benchmarkable"": true}",TRUE,"[""NEW_CAR"", ""USED_CAR"", ""MIXED"", ""MOTORCYCLE""]",,331
6100503,61005,L5_DETAIL,5,6,61,6100,61005,6100503,試乘車－保險/牌稅,,EXPENSE,VEHICLE_INV,NORMAL,6100,推銷費用,TRUE,D,TRUE,FALSE,"[""VEHICLE"", ""VIN""]","{""benchmarkable"": true}",TRUE,"[""NEW_CAR"", ""USED_CAR"", ""MIXED"", ""MOTORCYCLE""]",,332
61006,6100,L4_PARENT,4,6,61,6100,61006,,保固費用,,EXPENSE,SERVICE,NORMAL,6100,推銷費用,FALSE,D,TRUE,FALSE,[],"{""profit_attribution"": ""service_margin"", ""benchmarkable"": true}",FALSE,"[""NEW_CAR"", ""USED_CAR"", ""MIXED"", ""SERVICE_ONLY"", ""MOTORCYCLE""]",,333
6100601,61006,L5_DETAIL,5,6,61,6100,61006,6100601,經銷商自負保固成本,,EXPENSE,SERVICE,NORMAL,6100,推銷費用,TRUE,D,TRUE,FALSE,"[""RO""]","{""profit_attribution"": ""service_margin"", ""benchmarkable"": true}",TRUE,"[""NEW_CAR"", ""USED_CAR"", ""MIXED"", ""SERVICE_ONLY"", ""MOTORCYCLE""]",原廠保固範圍外,334
6100602,61006,L5_DETAIL,5,6,61,6100,61006,6100602,客戶服務補償費,,EXPENSE,SERVICE,NORMAL,6100,推銷費用,TRUE,D,TRUE,FALSE,"[""RO"", ""CUSTOMER""]","{""profit_attribution"": ""service_margin"", ""benchmarkable"": true}",TRUE,"[""NEW_CAR"", ""USED_CAR"", ""MIXED"", ""SERVICE_ONLY"", ""MOTORCYCLE""]",客訴補償,335
62,6,L2_SUBCATEGORY,2,6,62,,,,管理費用,,EXPENSE,GENERAL,NORMAL,,,FALSE,D,TRUE,TRUE,[],{},FALSE,"[""NEW_CAR"", ""USED_CAR"", ""MIXED"", ""SERVICE_ONLY"", ""MOTORCYCLE""]",,336
6200,62,L3_MOEA,3,6,62,6200,,,管理及總務費用,,EXPENSE,GENERAL,NORMAL,6200,管理及總務費用,FALSE,D,TRUE,TRUE,[],{},FALSE,"[""NEW_CAR"", ""USED_CAR"", ""MIXED"", ""SERVICE_ONLY"", ""MOTORCYCLE""]",MOEA 6200,337
62001,6200,L4_PARENT,4,6,62,6200,62001,,薪資－管理職,,EXPENSE,GENERAL,NORMAL,6200,管理及總務費用,FALSE,D,TRUE,FALSE,[],{},FALSE,"[""NEW_CAR"", ""USED_CAR"", ""MIXED"", ""SERVICE_ONLY"", ""MOTORCYCLE""]",,338
6200101,62001,L5_DETAIL,5,6,62,6200,62001,6200101,薪資－管理職,,EXPENSE,GENERAL,NORMAL,6200,管理及總務費用,TRUE,D,TRUE,FALSE,"[""DEPT""]",{},FALSE,"[""NEW_CAR"", ""USED_CAR"", ""MIXED"", ""SERVICE_ONLY"", ""MOTORCYCLE""]",,339
6200102,62001,L5_DETAIL,5,6,62,6200,62001,6200102,獎金－管理職,,EXPENSE,GENERAL,NORMAL,6200,管理及總務費用,TRUE,D,TRUE,FALSE,"[""DEPT""]",{},FALSE,"[""NEW_CAR"", ""USED_CAR"", ""MIXED"", ""SERVICE_ONLY"", ""MOTORCYCLE""]",,340
6200103,62001,L5_DETAIL,5,6,62,6200,62001,6200103,勞健保費－雇主負擔,,EXPENSE,GENERAL,NORMAL,6200,管理及總務費用,TRUE,D,TRUE,FALSE,"[""DEPT""]",{},FALSE,"[""NEW_CAR"", ""USED_CAR"", ""MIXED"", ""SERVICE_ONLY"", ""MOTORCYCLE""]",,341
6200104,62001,L5_DETAIL,5,6,62,6200,62001,6200104,勞退提繳金－雇主負擔,,EXPENSE,GENERAL,NORMAL,6200,管理及總務費用,TRUE,D,TRUE,FALSE,"[""DEPT""]",{},FALSE,"[""NEW_CAR"", ""USED_CAR"", ""MIXED"", ""SERVICE_ONLY"", ""MOTORCYCLE""]",,342
6200105,62001,L5_DETAIL,5,6,62,6200,62001,6200105,員工伙食費,,EXPENSE,GENERAL,NORMAL,6200,管理及總務費用,TRUE,D,TRUE,FALSE,"[""DEPT""]",{},FALSE,"[""NEW_CAR"", ""USED_CAR"", ""MIXED"", ""SERVICE_ONLY"", ""MOTORCYCLE""]",,343
6200106,62001,L5_DETAIL,5,6,62,6200,62001,6200106,員工教育訓練費,,EXPENSE,GENERAL,NORMAL,6200,管理及總務費用,TRUE,D,TRUE,FALSE,"[""DEPT""]",{},FALSE,"[""NEW_CAR"", ""USED_CAR"", ""MIXED"", ""SERVICE_ONLY"", ""MOTORCYCLE""]",,344
62002,6200,L4_PARENT,4,6,62,6200,62002,,辦公室費用,,EXPENSE,GENERAL,NORMAL,6200,管理及總務費用,FALSE,D,TRUE,FALSE,[],{},FALSE,"[""NEW_CAR"", ""USED_CAR"", ""MIXED"", ""SERVICE_ONLY"", ""MOTORCYCLE""]",,345
6200201,62002,L5_DETAIL,5,6,62,6200,62002,6200201,租金支出,,EXPENSE,GENERAL,NORMAL,6200,管理及總務費用,TRUE,D,TRUE,FALSE,"[""STORE""]",{},FALSE,"[""NEW_CAR"", ""USED_CAR"", ""MIXED"", ""SERVICE_ONLY"", ""MOTORCYCLE""]",,346
6200202,62002,L5_DETAIL,5,6,62,6200,62002,6200202,水電瓦斯費,,EXPENSE,GENERAL,NORMAL,6200,管理及總務費用,TRUE,D,TRUE,FALSE,"[""STORE""]",{},FALSE,"[""NEW_CAR"", ""USED_CAR"", ""MIXED"", ""SERVICE_ONLY"", ""MOTORCYCLE""]",,347
6200203,62002,L5_DETAIL,5,6,62,6200,62002,6200203,電話/網路費,,EXPENSE,GENERAL,NORMAL,6200,管理及總務費用,TRUE,D,TRUE,FALSE,"[""STORE""]",{},FALSE,"[""NEW_CAR"", ""USED_CAR"", ""MIXED"", ""SERVICE_ONLY"", ""MOTORCYCLE""]",,348
6200204,62002,L5_DETAIL,5,6,62,6200,62002,6200204,文具用品,,EXPENSE,GENERAL,NORMAL,6200,管理及總務費用,TRUE,D,TRUE,FALSE,"[""DEPT""]",{},FALSE,"[""NEW_CAR"", ""USED_CAR"", ""MIXED"", ""SERVICE_ONLY"", ""MOTORCYCLE""]",,349
6200205,62002,L5_DETAIL,5,6,62,6200,62002,6200205,郵電費,,EXPENSE,GENERAL,NORMAL,6200,管理及總務費用,TRUE,D,TRUE,FALSE,"[""DEPT""]",{},FALSE,"[""NEW_CAR"", ""USED_CAR"", ""MIXED"", ""SERVICE_ONLY"", ""MOTORCYCLE""]",,350
62003,6200,L4_PARENT,4,6,62,6200,62003,,折舊/攤銷,,EXPENSE,GENERAL,NORMAL,6200,管理及總務費用,FALSE,D,TRUE,FALSE,[],{},FALSE,"[""NEW_CAR"", ""USED_CAR"", ""MIXED"", ""SERVICE_ONLY"", ""MOTORCYCLE""]",,351
6200301,62003,L5_DETAIL,5,6,62,6200,62003,6200301,折舊－管理用設備,,EXPENSE,GENERAL,NORMAL,6200,管理及總務費用,TRUE,D,TRUE,FALSE,"[""DEPT""]",{},FALSE,"[""NEW_CAR"", ""USED_CAR"", ""MIXED"", ""SERVICE_ONLY"", ""MOTORCYCLE""]",,352
6200302,62003,L5_DETAIL,5,6,62,6200,62003,6200302,攤銷－無形資產,,EXPENSE,GENERAL,NORMAL,6200,管理及總務費用,TRUE,D,TRUE,FALSE,[],{},FALSE,"[""NEW_CAR"", ""USED_CAR"", ""MIXED"", ""SERVICE_ONLY"", ""MOTORCYCLE""]",,353
62004,6200,L4_PARENT,4,6,62,6200,62004,,專業服務費,,EXPENSE,GENERAL,NORMAL,6200,管理及總務費用,FALSE,D,TRUE,FALSE,[],{},FALSE,"[""NEW_CAR"", ""USED_CAR"", ""MIXED"", ""SERVICE_ONLY"", ""MOTORCYCLE""]",,354
6200401,62004,L5_DETAIL,5,6,62,6200,62004,6200401,會計師/記帳士費,,EXPENSE,GENERAL,WITHHOLDING,6200,管理及總務費用,TRUE,D,TRUE,FALSE,"[""VENDOR""]",{},FALSE,"[""NEW_CAR"", ""USED_CAR"", ""MIXED"", ""SERVICE_ONLY"", ""MOTORCYCLE""]",,355
6200402,62004,L5_DETAIL,5,6,62,6200,62004,6200402,律師費,,EXPENSE,GENERAL,WITHHOLDING,6200,管理及總務費用,TRUE,D,TRUE,FALSE,"[""VENDOR""]",{},FALSE,"[""NEW_CAR"", ""USED_CAR"", ""MIXED"", ""SERVICE_ONLY"", ""MOTORCYCLE""]",,356
6200403,62004,L5_DETAIL,5,6,62,6200,62004,6200403,顧問費,,EXPENSE,GENERAL,WITHHOLDING,6200,管理及總務費用,TRUE,D,TRUE,FALSE,"[""VENDOR""]",{},FALSE,"[""NEW_CAR"", ""USED_CAR"", ""MIXED"", ""SERVICE_ONLY"", ""MOTORCYCLE""]",,357
62005,6200,L4_PARENT,4,6,62,6200,62005,,資訊系統費用,,EXPENSE,GENERAL,NORMAL,6200,管理及總務費用,FALSE,D,TRUE,FALSE,[],{},FALSE,"[""NEW_CAR"", ""USED_CAR"", ""MIXED"", ""SERVICE_ONLY"", ""MOTORCYCLE""]",★ DealerOS 訂閱費在這裡,358
6200501,62005,L5_DETAIL,5,6,62,6200,62005,6200501,DMS/ERP 軟體訂閱費,,EXPENSE,GENERAL,NORMAL,6200,管理及總務費用,TRUE,D,TRUE,FALSE,[],{},FALSE,"[""NEW_CAR"", ""USED_CAR"", ""MIXED"", ""SERVICE_ONLY"", ""MOTORCYCLE""]",DealerOS 訂閱,359
6200502,62005,L5_DETAIL,5,6,62,6200,62005,6200502,其他軟體訂閱費,,EXPENSE,GENERAL,NORMAL,6200,管理及總務費用,TRUE,D,TRUE,FALSE,[],{},FALSE,"[""NEW_CAR"", ""USED_CAR"", ""MIXED"", ""SERVICE_ONLY"", ""MOTORCYCLE""]",n8n、Supabase 等,360
6200503,62005,L5_DETAIL,5,6,62,6200,62005,6200503,雲端服務費,,EXPENSE,GENERAL,NORMAL,6200,管理及總務費用,TRUE,D,TRUE,FALSE,[],{},FALSE,"[""NEW_CAR"", ""USED_CAR"", ""MIXED"", ""SERVICE_ONLY"", ""MOTORCYCLE""]",Zeabur/AWS,361
62006,6200,L4_PARENT,4,6,62,6200,62006,,稅捐,,EXPENSE,GENERAL,NORMAL,6200,管理及總務費用,FALSE,D,TRUE,FALSE,[],{},FALSE,"[""NEW_CAR"", ""USED_CAR"", ""MIXED"", ""SERVICE_ONLY"", ""MOTORCYCLE""]",,362
6200601,62006,L5_DETAIL,5,6,62,6200,62006,6200601,印花稅,,EXPENSE,GENERAL,NORMAL,6200,管理及總務費用,TRUE,D,TRUE,FALSE,[],{},FALSE,"[""NEW_CAR"", ""USED_CAR"", ""MIXED"", ""SERVICE_ONLY"", ""MOTORCYCLE""]",,363
6200602,62006,L5_DETAIL,5,6,62,6200,62006,6200602,房屋稅/地價稅－自用,,EXPENSE,GENERAL,NORMAL,6200,管理及總務費用,TRUE,D,TRUE,FALSE,"[""LOCATION""]",{},FALSE,"[""NEW_CAR"", ""USED_CAR"", ""MIXED"", ""SERVICE_ONLY"", ""MOTORCYCLE""]",,364
6200603,62006,L5_DETAIL,5,6,62,6200,62006,6200603,牌照稅/燃料稅－公司用車,,EXPENSE,GENERAL,NORMAL,6200,管理及總務費用,TRUE,D,TRUE,FALSE,"[""VEHICLE"", ""VIN""]",{},FALSE,"[""NEW_CAR"", ""USED_CAR"", ""MIXED"", ""SERVICE_ONLY"", ""MOTORCYCLE""]",,365
62007,6200,L4_PARENT,4,6,62,6200,62007,,保險費－公司險,,EXPENSE,GENERAL,NORMAL,6200,管理及總務費用,FALSE,D,TRUE,FALSE,[],{},FALSE,"[""NEW_CAR"", ""USED_CAR"", ""MIXED"", ""SERVICE_ONLY"", ""MOTORCYCLE""]",,366
6200701,62007,L5_DETAIL,5,6,62,6200,62007,6200701,公共意外險,,EXPENSE,GENERAL,NORMAL,6200,管理及總務費用,TRUE,D,TRUE,FALSE,"[""STORE""]",{},FALSE,"[""NEW_CAR"", ""USED_CAR"", ""MIXED"", ""SERVICE_ONLY"", ""MOTORCYCLE""]",,367
6200702,62007,L5_DETAIL,5,6,62,6200,62007,6200702,員工團保,,EXPENSE,GENERAL,NORMAL,6200,管理及總務費用,TRUE,D,TRUE,FALSE,"[""DEPT""]",{},FALSE,"[""NEW_CAR"", ""USED_CAR"", ""MIXED"", ""SERVICE_ONLY"", ""MOTORCYCLE""]",,368
62008,6200,L4_PARENT,4,6,62,6200,62008,,其他管理費,,EXPENSE,GENERAL,NORMAL,6200,管理及總務費用,FALSE,D,TRUE,FALSE,[],{},FALSE,"[""NEW_CAR"", ""USED_CAR"", ""MIXED"", ""SERVICE_ONLY"", ""MOTORCYCLE""]",,369
6200801,62008,L5_DETAIL,5,6,62,6200,62008,6200801,交際費,,EXPENSE,GENERAL,NORMAL,6200,管理及總務費用,TRUE,D,TRUE,FALSE,"[""DEPT""]",{},FALSE,"[""NEW_CAR"", ""USED_CAR"", ""MIXED"", ""SERVICE_ONLY"", ""MOTORCYCLE""]",稅法上限,370
6200802,62008,L5_DETAIL,5,6,62,6200,62008,6200802,捐贈,,EXPENSE,GENERAL,NORMAL,6200,管理及總務費用,TRUE,D,TRUE,FALSE,[],{},FALSE,"[""NEW_CAR"", ""USED_CAR"", ""MIXED"", ""SERVICE_ONLY"", ""MOTORCYCLE""]",,371
6200803,62008,L5_DETAIL,5,6,62,6200,62008,6200803,呆帳費用,,EXPENSE,GENERAL,NORMAL,6200,管理及總務費用,TRUE,D,TRUE,FALSE,"[""CUSTOMER""]",{},FALSE,"[""NEW_CAR"", ""USED_CAR"", ""MIXED"", ""SERVICE_ONLY"", ""MOTORCYCLE""]",,372
6200804,62008,L5_DETAIL,5,6,62,6200,62008,6200804,差旅費,,EXPENSE,GENERAL,NORMAL,6200,管理及總務費用,TRUE,D,TRUE,FALSE,"[""DEPT""]",{},FALSE,"[""NEW_CAR"", ""USED_CAR"", ""MIXED"", ""SERVICE_ONLY"", ""MOTORCYCLE""]",,373
6200805,62008,L5_DETAIL,5,6,62,6200,62008,6200805,雜項支出,,EXPENSE,GENERAL,NORMAL,6200,管理及總務費用,TRUE,D,TRUE,FALSE,[],{},FALSE,"[""NEW_CAR"", ""USED_CAR"", ""MIXED"", ""SERVICE_ONLY"", ""MOTORCYCLE""]",,374
6200806,62008,L5_DETAIL,5,6,62,6200,62008,6200806,權利金/加盟金（攤銷）,,EXPENSE,GENERAL,NORMAL,6200,管理及總務費用,TRUE,D,TRUE,FALSE,"[""DEALER""]",{},FALSE,"[""NEW_CAR"", ""USED_CAR"", ""MIXED"", ""SERVICE_ONLY"", ""MOTORCYCLE""]",,375
63,6,L2_SUBCATEGORY,2,6,63,,,,研究發展費用,,EXPENSE,GENERAL,NORMAL,,,FALSE,D,FALSE,TRUE,[],{},FALSE,"[""MIXED""]",,376
6300,63,L3_MOEA,3,6,63,6300,,,研究發展費用,,EXPENSE,GENERAL,NORMAL,6300,研究發展費用,FALSE,D,FALSE,TRUE,[],{},FALSE,"[""MIXED""]",MOEA 6300,377
63001,6300,L4_PARENT,4,6,63,6300,63001,,研究發展費用,,EXPENSE,GENERAL,NORMAL,6300,研究發展費用,FALSE,D,FALSE,FALSE,[],{},FALSE,"[""MIXED""]",,378
6300101,63001,L5_DETAIL,5,6,63,6300,63001,6300101,研究發展費用,,EXPENSE,GENERAL,NORMAL,6300,研究發展費用,TRUE,D,FALSE,FALSE,[],{},FALSE,"[""MIXED""]",,379
7,,L1_CATEGORY,1,7,,,,,營業外收支,,NON_OPERATING,GENERAL,NORMAL,,,FALSE,C,TRUE,TRUE,[],{},FALSE,"[""NEW_CAR"", ""USED_CAR"", ""MIXED"", ""SERVICE_ONLY"", ""MOTORCYCLE""]",L1：營業外,380
71,7,L2_SUBCATEGORY,2,7,71,,,,營業外收入,,NON_OPERATING,GENERAL,NORMAL,,,FALSE,C,TRUE,TRUE,[],{},FALSE,"[""NEW_CAR"", ""USED_CAR"", ""MIXED"", ""SERVICE_ONLY"", ""MOTORCYCLE""]",,381
7100,71,L3_MOEA,3,7,71,7100,,,營業外收入,,NON_OPERATING,GENERAL,NORMAL,7100,營業外收入,FALSE,C,TRUE,TRUE,[],{},FALSE,"[""NEW_CAR"", ""USED_CAR"", ""MIXED"", ""SERVICE_ONLY"", ""MOTORCYCLE""]",MOEA 7100,382
71001,7100,L4_PARENT,4,7,71,7100,71001,,利息收入,,NON_OPERATING,GENERAL,NORMAL,7100,營業外收入,FALSE,C,TRUE,FALSE,[],{},FALSE,"[""NEW_CAR"", ""USED_CAR"", ""MIXED"", ""SERVICE_ONLY"", ""MOTORCYCLE""]",,383
7100101,71001,L5_DETAIL,5,7,71,7100,71001,7100101,銀行利息收入,,NON_OPERATING,GENERAL,NORMAL,7100,營業外收入,TRUE,C,TRUE,FALSE,"[""BANK""]",{},FALSE,"[""NEW_CAR"", ""USED_CAR"", ""MIXED"", ""SERVICE_ONLY"", ""MOTORCYCLE""]",,384
71002,7100,L4_PARENT,4,7,71,7100,71002,,投資收益,,NON_OPERATING,GENERAL,NORMAL,7100,營業外收入,FALSE,C,FALSE,FALSE,[],{},FALSE,"[""MIXED""]",,385
7100201,71002,L5_DETAIL,5,7,71,7100,71002,7100201,股利收入,,NON_OPERATING,GENERAL,NORMAL,7100,營業外收入,TRUE,C,FALSE,FALSE,[],{},FALSE,"[""MIXED""]",,386
7100202,71002,L5_DETAIL,5,7,71,7100,71002,7100202,金融商品評價利益,,NON_OPERATING,GENERAL,NORMAL,7100,營業外收入,TRUE,C,FALSE,FALSE,"[""INSTRUMENT""]",{},FALSE,"[""MIXED""]",FVPL,387
71003,7100,L4_PARENT,4,7,71,7100,71003,,處分利益,,NON_OPERATING,GENERAL,NORMAL,7100,營業外收入,FALSE,C,TRUE,FALSE,[],{},FALSE,"[""NEW_CAR"", ""USED_CAR"", ""MIXED"", ""SERVICE_ONLY"", ""MOTORCYCLE""]",,388
7100301,71003,L5_DETAIL,5,7,71,7100,71003,7100301,處分不動產廠房設備利益,,NON_OPERATING,GENERAL,NORMAL,7100,營業外收入,TRUE,C,TRUE,FALSE,[],{},FALSE,"[""NEW_CAR"", ""USED_CAR"", ""MIXED"", ""SERVICE_ONLY"", ""MOTORCYCLE""]",,389
7100302,71003,L5_DETAIL,5,7,71,7100,71003,7100302,兌換利益,,NON_OPERATING,GENERAL,NORMAL,7100,營業外收入,TRUE,C,TRUE,FALSE,[],{},FALSE,"[""NEW_CAR"", ""USED_CAR"", ""MIXED"", ""SERVICE_ONLY"", ""MOTORCYCLE""]",進口車匯兌,390
71004,7100,L4_PARENT,4,7,71,7100,71004,,其他營業外收入,,NON_OPERATING,GENERAL,NORMAL,7100,營業外收入,FALSE,C,TRUE,FALSE,[],{},FALSE,"[""NEW_CAR"", ""USED_CAR"", ""MIXED"", ""SERVICE_ONLY"", ""MOTORCYCLE""]",,391
7100401,71004,L5_DETAIL,5,7,71,7100,71004,7100401,雜項收入,,NON_OPERATING,GENERAL,NORMAL,7100,營業外收入,TRUE,C,TRUE,FALSE,[],{},FALSE,"[""NEW_CAR"", ""USED_CAR"", ""MIXED"", ""SERVICE_ONLY"", ""MOTORCYCLE""]",,392
75,7,L2_SUBCATEGORY,2,7,75,,,,營業外費用,,NON_OPERATING,GENERAL,NORMAL,,,FALSE,D,TRUE,TRUE,[],{},FALSE,"[""NEW_CAR"", ""USED_CAR"", ""MIXED"", ""SERVICE_ONLY"", ""MOTORCYCLE""]",,393
7500,75,L3_MOEA,3,7,75,7500,,,營業外費用,,NON_OPERATING,GENERAL,NORMAL,7500,營業外費用,FALSE,D,TRUE,TRUE,[],{},FALSE,"[""NEW_CAR"", ""USED_CAR"", ""MIXED"", ""SERVICE_ONLY"", ""MOTORCYCLE""]",MOEA 7500,394
75001,7500,L4_PARENT,4,7,75,7500,75001,,利息費用,,NON_OPERATING,GENERAL,NORMAL,7500,營業外費用,FALSE,D,TRUE,FALSE,[],{},FALSE,"[""NEW_CAR"", ""USED_CAR"", ""MIXED"", ""SERVICE_ONLY"", ""MOTORCYCLE""]",,395
7500101,75001,L5_DETAIL,5,7,75,7500,75001,7500101,利息費用－一般借款,,NON_OPERATING,GENERAL,NORMAL,7500,營業外費用,TRUE,D,TRUE,FALSE,"[""BANK""]",{},FALSE,"[""NEW_CAR"", ""USED_CAR"", ""MIXED"", ""SERVICE_ONLY"", ""MOTORCYCLE""]",,396
7500102,75001,L5_DETAIL,5,7,75,7500,75001,7500102,利息費用－車輛庫存融資,,NON_OPERATING,VEHICLE_INV,NORMAL,7500,營業外費用,TRUE,D,TRUE,FALSE,"[""BANK"", ""VEHICLE""]",{},TRUE,"[""NEW_CAR"", ""USED_CAR"", ""MIXED"", ""MOTORCYCLE""]",★ Floor Plan 利息（重要 KPI）,397
7500103,75001,L5_DETAIL,5,7,75,7500,75001,7500103,利息費用－租賃負債,,NON_OPERATING,GENERAL,NORMAL,7500,營業外費用,TRUE,D,TRUE,FALSE,"[""CONTRACT""]",{},FALSE,"[""NEW_CAR"", ""USED_CAR"", ""MIXED"", ""SERVICE_ONLY"", ""MOTORCYCLE""]",IFRS 16,398
75002,7500,L4_PARENT,4,7,75,7500,75002,,投資損失,,NON_OPERATING,GENERAL,NORMAL,7500,營業外費用,FALSE,D,FALSE,FALSE,[],{},FALSE,"[""MIXED""]",,399
7500201,75002,L5_DETAIL,5,7,75,7500,75002,7500201,金融商品評價損失,,NON_OPERATING,GENERAL,NORMAL,7500,營業外費用,TRUE,D,FALSE,FALSE,"[""INSTRUMENT""]",{},FALSE,"[""MIXED""]",,400
75003,7500,L4_PARENT,4,7,75,7500,75003,,處分損失,,NON_OPERATING,GENERAL,NORMAL,7500,營業外費用,FALSE,D,TRUE,FALSE,[],{},FALSE,"[""NEW_CAR"", ""USED_CAR"", ""MIXED"", ""SERVICE_ONLY"", ""MOTORCYCLE""]",,401
7500301,75003,L5_DETAIL,5,7,75,7500,75003,7500301,處分資產損失,,NON_OPERATING,GENERAL,NORMAL,7500,營業外費用,TRUE,D,TRUE,FALSE,[],{},FALSE,"[""NEW_CAR"", ""USED_CAR"", ""MIXED"", ""SERVICE_ONLY"", ""MOTORCYCLE""]",,402
7500302,75003,L5_DETAIL,5,7,75,7500,75003,7500302,兌換損失,,NON_OPERATING,GENERAL,NORMAL,7500,營業外費用,TRUE,D,TRUE,FALSE,[],{},FALSE,"[""NEW_CAR"", ""USED_CAR"", ""MIXED"", ""SERVICE_ONLY"", ""MOTORCYCLE""]",,403
75004,7500,L4_PARENT,4,7,75,7500,75004,,其他營業外費用,,NON_OPERATING,GENERAL,NORMAL,7500,營業外費用,FALSE,D,TRUE,FALSE,[],{},FALSE,"[""NEW_CAR"", ""USED_CAR"", ""MIXED"", ""SERVICE_ONLY"", ""MOTORCYCLE""]",,404
7500401,75004,L5_DETAIL,5,7,75,7500,75004,7500401,災害損失,,NON_OPERATING,GENERAL,NORMAL,7500,營業外費用,TRUE,D,TRUE,FALSE,[],{},FALSE,"[""NEW_CAR"", ""USED_CAR"", ""MIXED"", ""SERVICE_ONLY"", ""MOTORCYCLE""]",,405
7500402,75004,L5_DETAIL,5,7,75,7500,75004,7500402,其他,,NON_OPERATING,GENERAL,NORMAL,7500,營業外費用,TRUE,D,TRUE,FALSE,[],{},FALSE,"[""NEW_CAR"", ""USED_CAR"", ""MIXED"", ""SERVICE_ONLY"", ""MOTORCYCLE""]",,406
8,,L1_CATEGORY,1,8,,,,,所得稅,,TAX,GENERAL,NORMAL,,,FALSE,D,TRUE,TRUE,[],{},FALSE,"[""NEW_CAR"", ""USED_CAR"", ""MIXED"", ""SERVICE_ONLY"", ""MOTORCYCLE""]",L1：稅,407
81,8,L2_SUBCATEGORY,2,8,81,,,,所得稅費用,,TAX,GENERAL,NORMAL,,,FALSE,D,TRUE,TRUE,[],{},FALSE,"[""NEW_CAR"", ""USED_CAR"", ""MIXED"", ""SERVICE_ONLY"", ""MOTORCYCLE""]",,408
8100,81,L3_MOEA,3,8,81,8100,,,所得稅費用,,TAX,GENERAL,NORMAL,8100,所得稅費用,FALSE,D,TRUE,TRUE,[],{},FALSE,"[""NEW_CAR"", ""USED_CAR"", ""MIXED"", ""SERVICE_ONLY"", ""MOTORCYCLE""]",MOEA 8100,409
81001,8100,L4_PARENT,4,8,81,8100,81001,,所得稅費用,,TAX,GENERAL,NORMAL,8100,所得稅費用,FALSE,D,TRUE,FALSE,[],{},FALSE,"[""NEW_CAR"", ""USED_CAR"", ""MIXED"", ""SERVICE_ONLY"", ""MOTORCYCLE""]",,410
8100101,81001,L5_DETAIL,5,8,81,8100,81001,8100101,本期所得稅費用,,TAX,GENERAL,NORMAL,8100,所得稅費用,TRUE,D,TRUE,FALSE,[],{},FALSE,"[""NEW_CAR"", ""USED_CAR"", ""MIXED"", ""SERVICE_ONLY"", ""MOTORCYCLE""]",,411
8100102,81001,L5_DETAIL,5,8,81,8100,81001,8100102,遞延所得稅費用,,TAX,GENERAL,NORMAL,8100,所得稅費用,TRUE,D,FALSE,FALSE,[],{},FALSE,"[""MIXED""]",,412
